Country,ISO Code,GDP,Population,Population growth rate,Exports,Current account balance,Imports,Mean Elevation (m),Coastline (km),Forest Land Use Rate,Other Land Use Rate,Irrigated Land (sq km),Total area,Age structure - 0-14 years Rate,Age structure - 15-24 years Rate,Age structure - 25-54 years Rate,Age structure - 55-64 years Rate,Age structure - 65 years and over Rate,Total dependency ratio,Youth dependency ratio,Elderly dependency ratio,Potential support ratio,Median age,Median age - male,Median age - female,Birth rate/1000 people,Death rate/1000 people,Net migration rate/1000 people,Urban Population ratio,Urban population growth rate,Sex ratio at birth(male/female),Sex ratio 0-14 years(male/female),Sex ratio 15-24 years(male/female),Sex ratio 25-54 years(male/female),Sex ratio 55-64 years(male/female),Sex ratio 65 years and over(male/female),Sex ratio - total population(male/female),Mother's mean age at first birth,"Maternal mortality ratio (deaths/100,000 live births)",Infant mortality rate (per 1000 live births),Infant mortality rate - male,Infant mortality rate - female,Life expectancy at birth (years),Life expectancy at birth - male,Life expectancy at birth - female,Fertility rate (children born/women),Gross reproduction rate,Contraceptive prevalence rate
Afghanistan,AFG,60803000000.0,38346720.0,2.3,1476000000.0,3897000000.0,7988000000.0,1884.0,0.0,1.8,40.1,24930.0,652230.0,40.62,21.26,31.44,4.01,2.68,84.6,80.2,4.8,22.5,19.5,19.4,19.5,35.46,12.33,-0.1,26.9,3.34,1.05,1.03,1.03,1.03,0.97,0.7,1.03,19.9,638,104.89,113.33,96.03,53.65,52.1,55.28,4.62,2.21,18.9
Albania,ALB,40822000000.0,3095344.0,0.22,5612000000.0,1219000000.0,6926000000.0,708.0,362.0,28.8,28.2,1820.0,28748.0,17.6,15.39,42.04,11.94,13.03,48.2,24.1,24.1,4.2,34.3,32.9,35.7,12.69,7.31,-3.23,64.6,1.29,1.07,1.1,1.11,0.92,0.92,0.66,0.97,26.6,15,10.82,11.85,9.71,79.47,76.8,82.33,1.54,0.75,46
Algeria,DZA,487716000000.0,44178884.0,1.34,41776000000.0,16954000000.0,54259000000.0,800.0,998.0,0.8,81.8,12605.0,2381740.0,29.58,13.93,42.91,7.41,6.17,58.5,48.7,9.8,10.2,28.9,28.6,29.3,18.52,4.32,-0.82,75.3,1.99,1.05,1.05,1.05,1.03,1,0.75,1.03,nan,112,19.72,21.77,17.55,78.03,76.57,79.57,2.51,1.2,53.6
American Samoa,ASM,658000000.0,45443.0,-1.92,428000000.0,,615000000.0,,116.0,75.5,0,0.0,224.0,27.76,18.16,37.49,9.69,6.9,52.3,41.9,10.4,9.6,27.2,26.7,27.7,16.7,6.1,-29.8,87.2,0.26,1.06,1.06,1.02,0.97,0.96,0.69,0.99,nan,nan,10.06,12.14,7.86,75.32,72.83,77.97,2.21,1.04,nan
Andorra,AND,3327000000.0,85560.0,-0.1,1842000000.0,448869000.0,1727000000.0,1996.0,0.0,34,26,0.0,468.0,13.37,10.16,43.19,15.91,17.36,38.1,18.1,20.1,5,46.2,46.3,46.1,6.88,7.92,0,87.8,0.11,1.07,1.06,1.04,1.05,1.1,0.9,1.05,32.8,nan,3.44,3.54,3.34,83.42,81.2,85.79,1.45,0.7,nan
Angola,AGO,203868000000.0,34795287.0,3.36,33674999999.999996,8398999999.999999,22299000000.0,1112.0,1600.0,54.3,nan,860.0,1246700.0,47.83,18.64,27.8,3.43,2.3,91.5,86.5,5,20.1,15.9,15.4,16.4,41.8,8.01,-0.19,68.7,4.04,1.03,1,0.95,0.91,0.89,0.59,0.95,19.4,241,58.86,64.11,53.46,62.11,60.05,64.24,5.83,2.84,13.7
Anguilla,AIA,175400000.0,18741.0,1.8,7900000.0,25300000.0,186200000.0,,61.0,61.1,38.9,0.0,91.0,21.63,13.9,42.27,12.42,9.78,38.6,24.4,14.1,7.1,35.7,33.7,37.6,12.01,4.64,10.67,100,0.47,1.03,1.03,1.02,0.82,0.77,0.88,0.89,nan,nan,3.07,4.01,2.1,82.2,79.59,84.89,1.72,0.85,nan
Antarctica,ATA,,,nan,,,,2300.0,17968.0,nan,nan,,,nan,nan,nan,nan,nan,,,,nan,nan,nan,nan,nan,nan,nan,nan,nan,nan,nan,nan,nan,nan,nan,nan,nan,nan,nan,nan,nan,nan,nan,nan,nan,nan,nan
Antigua and Barbuda,ATG,1783000000.0,100335.0,1.15,749476000.0,126907000.0,737693000.0,,153.0,18.8,60.8,,443.0,22.52,16.15,41.68,10.74,8.91,40.9,26.5,14.4,7,32.7,30.7,34.4,15.16,5.65,2.03,24.3,0.87,1.05,1.03,0.99,0.85,0.8,0.64,0.89,nan,nan,14.3,17.27,11.17,77.8,75.63,80.08,1.95,0.95,nan
Argentina,ARG,986134000000.0,46245668.0,0.82,87415000000.0,6708000000.0,66574000000.0,595.0,4989.0,10.7,35.4,23600.0,2780400.0,24.02,15.19,39.6,9.07,12.13,54.3,36,18.2,5.5,32.4,31.1,33.6,15.58,7.32,-0.08,92.5,0.97,1.07,1.06,1.06,1,0.94,0.57,0.98,nan,39,9.35,10.35,8.28,78.31,75.23,81.59,2.18,1.05,70.1
Armenia,ARM,39613000000.0,3000756.0,-0.38,5012000000.0,996978000.0,7603000000.0,1792.0,0.0,9.1,31.2,1554.0,29743.0,18.64,11.63,43.04,14.08,12.6,49.6,30.6,19.1,5.2,36.6,35.1,38.3,11.1,9.51,-5.36,63.7,0.23,1.08,1.11,1.11,0.99,0.85,0.65,0.95,25.2,26,12.18,13.72,10.51,76.13,72.86,79.68,1.65,0.79,57.1
Aruba,ABW,4141000000.0,122320.0,1.14,2201000000.0,316455000.0,2240000000.0,,,2.3,86.6,,180.0,17.55,12.06,40.54,14.79,15.05,47.8,24.8,23,4.4,39.9,38.2,41.5,11.82,8.62,8.18,44.3,0.77,1.02,1.01,1,0.94,0.87,0.52,0.9,nan,nan,12.09,16.46,7.63,78.01,74.93,81.15,1.83,0.9,nan
Australia,AUS,1279000000000.0,26141369.0,1.25,389794000000.0,56261000000.0,295504000000.0,330.0,25760.0,17.42,33.42,15210.0,7741220.0,18.72,12.89,41.15,11.35,15.88,53.7,28.2,25.5,3.9,37.5,36.5,38.5,12.3,6.77,6.93,86.6,1.27,1.06,1.07,1.09,1,0.93,0.72,0.99,28.7,6,3.01,3.24,2.76,83.09,80.93,85.36,1.73,0.84,66.9
Austria,AUT,484698000000.0,8913088.0,0.32,268277000000.0,1627000000.0,231992000000.0,910.0,0.0,47.2,14.4,382.0,83871.0,14.01,10.36,41.35,14.41,19.87,51.1,21.7,29.4,3.4,44.5,43.1,45.8,9.45,9.85,3.55,59.5,0.68,1.05,1.05,1.03,1,0.99,0.65,0.96,29.7,5,3.24,3.65,2.81,82.27,79.64,85.04,1.51,0.74,79
Azerbaijan,AZE,146305000000.0,10353296.0,0.67,25488000000.0,227568000.0,17712000000.0,384.0,0.0,11.3,31.1,14649.0,86600.0,22.84,13.17,45.29,11.41,7.29,44.2,34.7,9.7,10.3,32.6,31.1,34.2,13.59,6.92,0,57.6,1.38,1.06,1.11,1.15,0.99,0.82,0.49,0.98,24,26,23.51,24.62,22.33,74.15,71.08,77.41,1.86,0.9,nan
Bahamas,BHS,12323000000.0,355608.0,0.82,3202000000.0,345481000.0,4840000000.0,,3542.0,51.4,47.2,10.0,13880.0,21.7,14.91,43.56,10.75,9.08,39.3,27.3,11.9,8.4,32.8,31.7,34,14.64,6.41,0,83.6,1.02,1.03,1.03,1.03,0.99,0.86,0.5,0.95,nan,70,12.78,13.22,12.33,76.13,73.2,79.14,1.98,0.97,nan
Bahrain,BHR,72267000000.0,1540558.0,0.88,30097000000.0,1493000000.0,23876000000.0,,161.0,0.7,88,40.0,760.0,18.45,15.16,56.14,6.89,3.36,31.3,26.8,4.6,21.8,32.9,34.4,30.3,12.4,2.82,-0.82,89.9,1.99,1.03,1.03,1.29,1.86,1.61,0.83,1.52,nan,14,10.19,11.97,8.37,79.9,77.63,82.24,1.67,0.82,nan
Baker Island,UMI,,,nan,,,,,,nan,100,,,nan,nan,nan,nan,nan,,,,nan,nan,nan,nan,nan,nan,nan,nan,nan,nan,nan,nan,nan,nan,nan,nan,nan,nan,nan,nan,nan,nan,nan,nan,nan,nan,nan
Bangladesh,BGD,1000999999999.9999,165650475.0,0.93,49386000000.0,15563000000.0,64233999999.99999,85.0,580.0,11.1,18.8,81270.0,148460.0,26.48,18.56,40.72,7.41,6.82,47.7,39.1,8.6,11.6,27.9,27.1,28.6,17.69,5.47,-2.9,40.5,2.88,1.04,1.04,1.02,0.92,0.96,0.73,0.96,18.6,173,30.35,32.96,27.63,74.7,72.52,76.96,2.09,1.02,62.7
Barbados,BRB,3868000000.0,302674.0,0.26,2228000000.0,452390000.0,2213000000.0,,97.0,19.4,48,50.0,430.0,17.49,12.34,42.69,13.91,13.57,49,25.6,23.4,4.3,39.5,38.4,40.7,10.83,7.96,-0.29,31.4,0.46,1.01,1,0.98,0.98,0.92,0.55,0.93,nan,27,10,11.58,8.41,78.55,75.79,81.35,1.7,0.85,59.2
Belarus,BLR,184482000000.0,9413505.0,-0.31,49425000000.0,1246000000.0,42378000000.0,160.0,0.0,42.7,13.6,303.0,207600.0,16.09,9.59,43.94,14.45,15.93,50.8,25.4,25.4,3.9,40.9,38,43.9,9.08,12.88,0.72,80.7,0.28,1.06,1.06,1.06,0.98,0.79,0.35,0.87,26.8,2,3.27,3.72,2.79,74.28,68.9,79.97,1.51,0.74,52.6
Belgium,BEL,599814000000.0,11847338.0,0.57,515625000000.0,2917000000.0,438221000000.0,181.0,,22.4,33.5,57.0,30528.0,17.22,11.2,39.23,13.14,19.21,56.5,26.1,30.4,3.3,41.6,40.4,42.8,10.95,9.64,4.38,98.2,0.38,1.05,1.05,1.05,1.02,0.99,0.65,0.97,29.2,5,3.19,3.63,2.73,81.86,79.25,84.59,1.77,0.86,66.7
Belize,BLZ,3505000000.0,412387.0,1.64,1044000000.0,184646000.0,1203000000.0,173.0,386.0,60.6,32.5,35.0,22966.0,32.57,19,37.72,6.18,4.53,49.7,42.3,7.4,13.5,23.9,23,24.8,21.28,3.94,-0.96,46.6,2.3,1.05,1.04,1.12,0.93,0.96,0.78,1,nan,36,11.15,12.36,9.88,75.82,74.23,77.5,2.62,1.26,51.4
Benin,BEN,43170000000.0,13754688.0,3.34,3506000000.0,648825000.0,4669000000.0,273.0,121.0,40,28.7,172.0,112622.0,45.56,20.36,28.54,3.15,2.39,84,78.3,5.7,17.7,17,16.4,17.6,41.15,8.01,0.24,50.1,3.74,1.05,1.02,1,0.9,0.91,0.72,0.97,20.5,397,55.76,60.79,50.48,62.21,60.39,64.14,5.43,2.63,15.5
Bermuda,BMU,5220000000.0,72337.0,0.34,1123000000.0,1014999999.9999999,2224000000.0,,103.0,20,65.2,,54.0,16.7,11.88,35.31,16.37,19.74,52.9,22.8,30.1,3.3,43.6,41.6,45.7,11.03,9.11,1.49,100,-0.2,1.05,1.05,1.06,1.02,0.91,0.6,0.95,nan,nan,2.19,2.51,1.86,82.04,78.96,85.28,1.9,0.92,nan
Bhutan,BTN,8481000000.0,867775.0,0.97,741602000.0,500802000.0,1230000000.0,2220.0,0.0,85.5,0.9,320.0,38394.0,24.52,17.77,44.72,6.39,6.6,40.7,32.1,8.6,11.1,29.1,29.6,28.6,15.94,6.22,0,44.4,2.52,1.05,1.05,1.04,1.12,1.13,0.97,1.08,nan,183,27.04,27.22,26.86,72.31,71.19,73.49,1.79,0.86,nan
Bolivia,BOL,97266000000.0,12054379.0,1.12,11439000000.0,1366000000.0,11957000000.0,1192.0,0.0,52.5,13.2,2972.0,1098581.0,30.34,19.21,38.68,6.06,5.71,56.3,48.7,12,8.3,25.3,24.5,26,18.61,6.48,-0.98,71.2,1.87,1.05,1.04,1.03,1.01,0.97,0.72,1.01,21.1,155,22.28,24.5,19.95,72.5,71.04,74.02,2.33,1.1,66.5
Bosnia and Herzegovina,BIH,51244000000.0,3816459.0,-0.22,9948000000.0,531917000.00000006,11156000000.0,500.0,20.0,42.8,15,30.0,51197.0,13.18,10.83,44.52,15.24,16.22,48,22.3,27.1,3.7,43.3,41.6,44.8,8.41,10.26,-0.38,50.3,0.61,1.07,1.07,1.06,1.02,0.96,0.42,0.95,27.7,10,5.21,5.34,5.07,77.98,75.02,81.15,1.36,0.66,45.8
Botswana,BWA,38415000000.0,2384246.0,1.4,7931000000.0,1155000000.0,7696000000.0,1013.0,0.0,19.8,34.4,25.0,581730.0,30.54,18.31,39.67,5.92,5.56,57.5,51.8,5.7,13.8,25.7,24.5,26.7,20.28,9.05,2.81,72.9,2.47,1.03,1.02,0.96,0.9,0.79,0.6,0.92,nan,144,25.18,27.54,22.75,65.64,63.6,67.74,2.39,1.17,67.4
Bouvet Island,BVT,,,nan,,,,,,0,100,,49.0,nan,nan,nan,nan,nan,,,,nan,nan,nan,nan,nan,nan,nan,nan,nan,nan,nan,nan,nan,nan,nan,nan,nan,nan,nan,nan,nan,nan,nan,nan,nan,nan,nan
Brazil,BRA,3128000000000.0,217240060.0,0.7,317175000000.0,65030000000.0,269017000000.0,320.0,7491.0,61.9,5.2,69029.0,8515770.0,21.11,16.06,43.83,9.78,9.21,43.1,29.4,13.7,7.3,33.2,32.3,34.1,13.96,6.81,-0.19,87.8,0.87,1.05,1.04,1.03,0.98,0.9,0.58,0.97,nan,60,13.31,14.75,11.8,75.92,72.5,79.5,1.8,0.85,80.5
British Indian Ocean Territory,IOT,,,nan,,,,,698.0,0,100,,60.0,nan,nan,nan,nan,nan,,,,nan,nan,nan,nan,nan,nan,nan,nan,nan,nan,nan,nan,nan,nan,nan,nan,nan,nan,nan,nan,nan,nan,nan,nan,nan,nan,nan
British Virgin Islands,VGB,500000000.0,38632.0,1.91,23000000.0,362600000.0,210000000.0,,80.0,24.3,29,,151.0,16.48,12.22,47.84,12.83,10.63,32.8,20.2,12.6,8,37.2,37,37.5,10.95,5.38,13.56,49.7,1.73,1.05,0.98,0.92,0.88,0.93,0.76,0.91,nan,nan,14.16,16.89,11.28,79.67,78.17,81.25,1.35,0.67,nan
Brunei,BRN,26779000000.0,478054.0,1.45,11202000000.0,1570000000.0,6806000000.0,478.0,161.0,71.8,25.7,10.0,5765.0,22.41,16.14,47.21,8.34,5.9,39.2,31.1,8.1,12.4,31.1,30.5,31.8,16.14,3.79,2.18,79.1,1.44,1.05,1.06,1,0.89,0.94,0.74,0.95,nan,31,10.52,12.88,8.05,78.38,76.01,80.86,1.74,0.85,nan
Bulgaria,BGR,167804000000.0,6873253.0,-0.67,51505000000.0,31190000.0,41843000000.0,472.0,354.0,36.7,16.4,987.0,110879.0,14.52,9.4,42.87,13.15,20.06,57.3,22,35.3,2.8,43.7,41.9,45.6,8.05,14.41,-0.29,76.7,-0.28,1.06,1.06,1.08,1.07,0.91,0.72,0.95,26.4,10,7.98,9.02,6.88,75.57,72.36,78.97,1.5,0.73,nan
Burkina Faso,BFA,48175000000.0,21935389.0,2.53,5356000000.0,664797000.0,5167000000.0,297.0,0.0,19.3,36.5,550.0,274200.0,43.58,20.33,29.36,3.57,3.16,87.4,82.6,4.8,20.9,17.9,17,18.7,33.57,7.71,-0.61,32.5,4.75,1.03,1.03,1.01,0.86,0.75,0.66,0.96,19.4,320,49.42,53.7,45.02,63.44,61.63,65.31,4.27,2.04,35.3
Burundi,BDI,8849000000.0,12696478.0,3.63,285105000.0,339695000.0,885422000.0,1504.0,0.0,6.6,20.1,230.0,27830.0,43.83,19.76,29.18,4.17,3.06,95.2,90.4,4.8,20.7,17.7,17.4,18,35.17,5.96,7.09,14.8,5.43,1.03,1.02,1,0.98,0.88,0.62,0.99,21.5,548,37.84,42.02,33.54,67.42,65.32,69.59,5.03,2.45,28.5
Cabo Verde,CPV,3595000000.0,596707.0,1.21,459923000.0,284109000.0,1287000000.0,,965.0,21,60.4,35.0,4033.0,27.95,18.69,40.76,7.12,5.48,47.2,39.2,8,12.5,26.8,25.9,27.6,18.49,5.8,-0.57,68,1.83,1.03,1.01,1,0.95,0.86,0.52,0.95,nan,58,23.53,27.64,19.29,73.75,71.41,76.15,2.13,1.04,55.8
Cambodia,KHM,72238000000.0,16713015.0,1.08,20126000000.0,4065000000.0000005,25516000000.0,126.0,443.0,56.5,11.4,3540.0,181035.0,30.18,17.28,41.51,6.44,4.59,53.4,45,8.5,11.8,26.4,25.6,27.2,19.29,5.76,-2.7,25.6,3.06,1.05,1.02,0.97,0.94,0.81,0.51,0.94,22.4,160,29.58,33.13,25.87,70.65,68.79,72.59,2.24,1.08,56.3
Cameroon,CMR,100648000000.0,29321637.0,2.75,7449000000.0,1695000000.0,9085000000.0,667.0,402.0,41.7,37.7,290.0,475440.0,42.34,20.04,30.64,3.87,3.11,82.3,77.3,4.9,20.3,18.5,18.2,18.8,35.53,7.73,-0.31,59.3,3.43,1.03,1.02,1,0.97,0.94,0.74,0.99,20.1,529,48.73,53.58,43.73,63.27,61.49,65.09,4.55,2.22,19.3
Canada,CAN,1832000000000.0,38232593.0,0.75,611146000000.0,35434000000.0,589037000000.0,487.0,202080.0,34.1,59.1,9045.0,9984670.0,15.99,11.14,39.81,14.08,18.98,52.1,23.9,28.2,3.6,41.8,40.6,42.9,10.17,8.12,5.46,81.9,0.95,1.05,1.06,1.06,1.01,0.98,0.75,0.98,29.4,10,4.38,4.66,4.08,83.8,81.52,86.21,1.57,0.77,nan
Cayman Islands,CYM,4788000000.0,64309.0,1.83,3652000000.0,927544000.0,2518000000.0,,160.0,52.9,35.9,,264.0,17.75,11.86,41.37,14.78,14.24,32.6,22.3,10.4,9.6,40.5,39.7,41.2,11.69,5.97,12.56,100,1.13,1.02,1.01,1,0.95,0.94,0.7,0.95,nan,nan,7.65,9.26,6.01,82.04,79.35,84.79,1.82,0.9,nan
Central African Republic,CAF,4483000000.0,5454533.0,1.78,113700000.0,97000000.0,393100000.0,635.0,0.0,36.2,55.7,10.0,622984.0,39.49,19.89,32.95,4.32,3.35,102.8,97.7,5.1,19.7,20,19.7,20.3,32.79,11.76,-3.22,43.6,3.32,1.03,1.05,1.08,0.89,1.04,0.64,0.99,nan,829,82.97,89.03,76.73,55.52,54.19,56.88,4.04,1.97,17.8
Chad,TCD,24490000000.0,17963211.0,3.09,2464000000.0,926000000.0,2160000000.0,543.0,0.0,9.1,51.3,300.0,,47.43,19.77,27.14,3.24,2.43,98.7,94.7,4,24.9,16.1,15.6,16.5,40.45,9.45,-0.13,24.4,4.1,1.04,1.02,1.01,0.92,0.77,0.69,0.98,18.1,"1,140",65.48,71.21,59.52,59.15,57.32,61.06,5.46,2.62,8.1
Chile,CHL,496085000000.0,18430408.0,0.66,100634000000.0,14505000000.0,82324000000.0,1871.0,6435.0,21.9,57,11100.0,756102.0,19.79,13.84,42.58,11.98,11.81,45.2,26.8,18.4,5.4,35.5,34.3,36.7,12.75,6.52,0.33,88,0.78,1.04,1.04,1.04,1.01,0.91,0.56,0.97,nan,13,6.55,7.12,5.95,79.79,76.8,82.92,1.76,0.86,76.3
China,CHN,24861000000000.0,1410539758.0,0.19,3554000000000.0,317301000000.0,2499000000000.0,1840.0,14500.0,22.3,23,690070.0,9596960.0,17.29,11.48,46.81,12.08,12.34,44.5,25.5,19,5.3,38.4,37.5,39.4,9.93,7.9,-0.11,64.6,1.78,1.1,1.15,1.16,1.05,1,0.68,1.04,nan,29,6.76,7.19,6.3,77.72,75,80.7,1.45,0.69,84.5
Christmas Island,CXR,,2205.0,1.11,,,,,,nan,100,,135.0,12.79,12.2,57.91,11.66,5.44,,,,nan,nan,nan,nan,nan,nan,nan,nan,nan,nan,nan,nan,nan,nan,nan,nan,nan,nan,nan,nan,nan,nan,nan,nan,nan,nan,nan
Cocos (Keeling) Islands,CCK,,596.0,nan,,,,,26.0,0,100,,14.0,nan,nan,nan,nan,nan,,,,nan,nan,nan,nan,nan,8.89,nan,nan,nan,nan,nan,nan,nan,nan,nan,nan,nan,nan,nan,nan,nan,nan,nan,(2021,nan,nan,nan
Colombia,COL,754645000000.0,49059221.0,0.59,50793000000.0,14808000000.0,65470000000.0,593.0,3208.0,54.4,8.1,10900.0,1138910.0,23.27,16.38,42.04,9.93,8.39,43.5,31,12.5,8,31.2,30.2,32.2,15.21,7.73,-1.58,82.4,1.01,1.05,1.05,1.04,0.94,0.85,0.65,0.96,21.7,83,11.65,13.07,10.15,74.89,71.27,78.69,1.95,0.95,81
Comoros,COM,2653000000.0,876437.0,1.37,139575000.0,39814000.0,353000000.0,,340.0,1.4,14.2,,2235.0,36.68,20.75,33.99,4.49,4.08,74.1,66.6,7.5,13.3,20.9,20.2,21.5,22.52,6.55,-2.25,30.1,2.97,1.03,1,0.95,0.91,0.85,0.76,0.94,23,273,57.1,67.17,46.73,67.2,64.93,69.54,2.78,1.33,19.4
Congo,COG,102956000000.0,108407721.0,3.14,22354000000.0,1693000000.0,16892000000.0,726.0,37.0,67.9,20.7,110.0,2344858.0,46.38,19.42,28.38,3.36,2.47,98,92.1,5.9,17.1,16.7,16.5,16.8,40.08,7.94,-0.71,47.4,4.33,1.03,1.01,1.01,1,0.94,0.6,1,19.9,473,60.85,66.49,55.03,61.83,60.03,63.69,5.63,2.74,28.1
Congo,COG,18875000000.0,5546307.0,2.34,4670000000.0,1441000000.0,3279000000.0,430.0,169.0,65.6,3.3,20.0,342000.0,41.57,17.14,33.5,4.59,3.2,78.8,74,4.8,20.9,19.5,19.3,19.7,31.82,8.38,0,69.2,3.19,1.03,1.02,1.01,1.01,1.08,0.66,1.01,19.6,378,47.93,52.39,43.34,62.1,60.65,63.61,4.36,2.13,30.1
Cook Islands,COK,299900000.0,8128.0,-2.39,3125000.0,26670000.0,109300000.0,,120.0,64.6,27,,236.0,18.69,13.9,37.66,15.69,14.74,53.8,36.4,17.4,5.8,38.3,37.8,38.7,12.55,9.1,-27.31,76.2,0.52,1.04,1.1,1.16,0.96,1.26,0.73,1.06,nan,nan,15.93,20.02,11.62,77.14,74.32,80.11,2.07,1.01,nan
Costa Rica,CRI,109260000000.0,5204411.0,1.01,23761000000.0,826158000.0,20314000000.0,746.0,1290.0,51.5,11.4,1015.0,51100.0,22.08,15.19,43.98,9.99,8.76,45.1,29.8,15.3,6.5,32.6,32.1,33.1,14.28,4.91,0.77,82.6,1.5,1.05,1.05,1.04,1.02,0.94,0.64,1,nan,27,8.39,9.45,7.28,79.64,76.99,82.43,1.86,0.91,70.9
Croatia,HRV,123348000000.0,4188853.0,-0.47,35308000000.0,184775000.0,31793000000.0,331.0,5835.0,34.4,41.9,171.0,56594.0,14.16,10.76,39.77,14.24,21.06,56.5,22.1,34.4,2.9,43.9,42,45.9,8.65,12.88,-0.5,58.6,0.05,1.06,1.01,1,1.03,1.04,0.67,1.01,29,8,8.74,8.52,8.98,77.22,74.1,80.53,1.45,10.7,nan
Cuba,CUB,137000000000.0,11008112.0,-0.21,2630000000.0,985400000.0,11060000000.0,108.0,3735.0,27.3,12.4,8700.0,110860.0,16.34,11.81,41.95,14.11,15.8,45.9,23.1,22.9,4.4,42.1,40.2,43.8,10.11,9.29,-2.92,77.5,0.19,1.06,1.06,1.06,1.01,0.93,0.51,0.93,nan,36,4.13,4.65,3.57,79.64,77.29,82.14,1.71,0.83,69
Curacao,NLD,3725000000.0,152379.0,0.32,1280000000.0,540731000.0,2331000000.0,,364.0,nan,90,,444.0,19.68,13.38,36.55,13.88,16.52,47,25.6,21.4,4.7,36.7,34.4,39.5,13.2,8.71,-1.31,89,0.57,1.05,1.06,1.08,1.02,0.95,0.69,0.99,nan,nan,7.88,8.69,7.02,79.42,77.09,81.87,1.98,0.96,nan
Cyprus,CYP,37546000000.0,1295102.0,1.06,24551000000.0,1445000000.0,19575000000.0,91.0,648.0,18.8,67.8,268.0,9251.0,15.69,12.29,47.12,11.92,12.97,43.8,23,20.8,4.8,37.9,36.7,39.4,10.57,6.94,6.96,67,0.76,1.05,1.05,1.05,1.02,0.78,0.55,0.93,30,6,8.36,10.22,6.41,79.74,76.93,82.68,1.48,0.72,nan
Czechia,CZE,428016000000.0,10705384.0,0.02,204785000000.0,2282000000.0,171429000000.0,433.0,0.0,34.4,10.8,220.0,78867.0,15.17,9.2,43.29,12.12,20.23,57.4,25.2,32.2,3.1,43.3,42,44.7,8.59,10.74,2.32,74.6,0.2,1.05,1.06,1.19,1.14,0.93,0.61,1.05,28.5,3,2.4,2.59,2.19,79.73,76.8,82.82,1.49,0.73,nan
Denmark,DNK,339472000000.0,5920767.0,0.44,205019000000.0,32465000000.000004,179356000000.0,34.0,7314.0,12.9,23.7,2360.0,43094.0,16.42,12.33,38.71,12.63,19.91,57.3,25.4,31.9,3.1,42,40.9,43.1,11.22,9.52,2.73,88.5,0.54,1.07,1.06,1.05,1.03,1,0.7,0.99,29.8,4,3.04,3.49,2.56,81.66,79.74,83.71,1.77,0.86,nan
Djibouti,DJI,5432000000.0,957273.0,1.97,5150000000.0,225106000.0,4764000000.0,430.0,314.0,0.2,26.4,10.0,23200.0,29.97,20.32,40.73,5.01,3.97,50.6,47.5,6.9,14.4,24.9,23,26.4,22.25,7.12,4.59,78.6,1.56,1.03,1.01,0.9,0.7,0.72,0.65,0.83,nan,248,46.89,54.14,39.43,65.3,62.72,67.96,2.15,1.05,19
Dominica,DMA,787700000.0,74629.0,0.05,94823000.0,210115000.0,279000000.0,,148.0,59.2,6.1,,751.0,21.41,13.15,42.79,10.53,12.12,41.2,28,13.2,7.6,34.9,34.4,35.5,13.91,8.11,-5.31,72,0.84,1.05,1.05,1.06,1.04,1.06,0.68,1.02,nan,nan,11.27,15.28,7.07,78.21,75.25,81.31,2.02,0.98,nan
Dominican Republic,DOM,207082000000.0,10694700.0,0.91,20509000000.0,1188000000.0,24526000000.0,424.0,1288.0,40.8,7.7,2980.0,48670.0,26.85,18.15,40.54,8.17,6.29,53.8,42.2,11.6,8.6,27.9,27.8,28.1,18.03,6.29,-2.68,84.4,1.64,1.04,1.03,1.03,1.04,1,0.73,1.02,20.9,95,21.18,23.51,18.76,72.56,70.86,74.33,2.21,1.08,62.8
Ecuador,ECU,189880000000.0,17289554.0,1.13,26120000000.0,2952000000.0,25890000000.0,1117.0,2237.0,38.9,31.4,10000.0,283561.0,25.82,17.8,40.31,7.92,8.15,50.9,39.4,11.5,8.7,28.8,28,29.6,16.45,5.17,0,64.8,1.62,1.05,1.04,1.04,0.96,0.92,0.78,0.98,nan,59,18.13,21.7,14.39,78,75.06,81.1,2.04,0.98,77.9
Egypt,EGY,1264000000000.0,107770524.0,1.68,53523000000.0,10222000000.0,78951000000.0,321.0,2450.0,0.1,96.3,36500.0,1001450.0,33.62,18.01,37.85,6.08,4.44,60.8,53.2,7.7,13,24.1,23.8,24.5,21.46,4.32,-0.31,43.1,1.9,1.06,1.06,1.06,1.06,1.08,0.89,1.06,22.6,37,17.7,18.69,16.64,74.45,73.26,75.72,2.88,1.34,58.5
El Salvador,SLV,57371000000.0,6568745.0,0.57,8057000000.0,1457000000.0,12469000000.0,442.0,307.0,13.6,11.7,274.0,21041.0,25.83,18.82,40.51,7.23,7.6,51.3,39,12.3,8.1,27.7,26.2,29.3,17.87,5.91,-6.29,75.4,1.33,1.05,1.05,1.03,0.87,0.72,0.68,0.92,20.8,46,12.14,13.79,10.41,75.37,71.88,79.04,2.05,0.99,71.9
Equatorial Guinea,GNQ,23924000000.0,1679172.0,3.5,8776000000.0,1457000000.0,6245000000.0,577.0,296.0,57.5,32.4,,28051.0,38.73,19.94,32.72,4.69,3.92,72.2,66.7,5.4,18.5,20.3,19.9,20.7,29.95,8.95,13.96,74.4,3.62,1.03,1.08,1.21,1.21,1.17,0.87,1.15,nan,301,78.33,84.23,72.25,63.7,61.44,66.03,4.26,2.06,nan
Eritrea,ERI,9702000000.0,6209262.0,1.03,624300000.0,105000000.0,1127000000.0,853.0,2234.0,15.1,9.8,210.0,117600.0,38.23,20.56,33.42,3.8,4,77.9,70.8,7.1,14,20.3,19.7,20.8,27.04,6.69,-10.11,43.3,3.67,1.03,1.01,0.99,0.96,0.88,0.67,0.97,21.3,480,41.5,48.36,34.44,66.85,64.25,69.53,3.58,1.73,nan
Estonia,EST,51531000000.0,1211524.0,-0.71,22962000000.0,370205000.0,21712000000.0,61.0,3794.0,52.1,25.7,20.0,45228.0,16.22,8.86,40.34,13.58,21,58.3,26.1,32.3,3.1,43.7,40.4,47,8.75,13.1,-2.79,69.8,-0.03,1.05,1.05,1.08,1.05,0.85,0.42,0.89,28.2,9,3.42,3.29,3.56,77.88,73.25,82.73,1.61,0.79,nan
Eswatini,SWZ,10560000000.0,1121761.0,0.75,2048000000.0,124463000.0,1924000000.0,305.0,0.0,31.7,0,500.0,17364.0,33.63,18.71,39.46,4.36,3.83,64,57.4,6.5,15.3,23.7,22.5,24.7,23.35,9.71,-6.16,24.8,2.42,1.03,1,0.91,0.87,0.73,0.48,0.9,nan,437,39.63,43.89,35.25,59.69,57.62,61.81,2.44,1.19,66.1
Ethiopia,ETH,278945000000.0,113656596.0,2.46,7715000000.0,5025000000.0,17170000000.000002,1330.0,0.0,12.2,51.5,1813.0,1104300.0,39.81,19.47,32.92,4.42,3.38,75.7,70.2,5.5,18.1,19.8,19.6,20.1,30.49,5.7,-0.19,23.2,4.4,1.03,1.01,1,0.99,0.96,0.68,0.99,19.3,401,33.51,38.33,28.55,68.25,66.12,70.44,3.99,1.93,37.7
Faroe Islands,FRO,2001000000.0,52269.0,0.63,1184000000.0,,978400000.0,,1117.0,0.1,97.8,,1393.0,19.69,13.89,37.01,12,17.41,62.8,33.6,29.1,3.4,37.2,36.9,37.7,14.94,8.63,0,43,0.89,1.07,1.07,1.09,1.17,1.09,0.77,1.08,nan,nan,5.99,6.61,5.32,81.26,78.73,83.97,2.29,1.1,nan
Fiji,FJI,9578000000.0,943737.0,0.44,2636000000.0,689438000.0,3206000000.0,,1129.0,55.7,21,40.0,18274.0,26.86,15.51,41.05,9.25,7.34,53,44.2,8.7,11.4,29.9,29.7,30.1,16.56,6.37,-5.84,58.7,1.37,1.05,1.04,1.04,1.06,1.02,0.6,1.03,nan,34,10.06,11.59,8.45,74.27,71.6,77.07,2.26,1.09,35.5
Finland,FIN,270142999999.99997,5601547.0,0.24,107084000000.0,1896000000.0,106664000000.0,164.0,1250.0,72.9,19.6,80.0,338145.0,16.41,10.95,37.37,13.02,22.26,62.1,25,37.1,2.7,42.8,41.3,44.4,10.42,10.35,2.35,85.8,0.42,1.05,1.05,1.05,1.05,0.97,0.63,0.97,29.5,3,2.13,2.31,1.94,81.76,78.86,84.79,1.74,0.85,85.5
France,FRA,3048000000000.0,68305148.0,0.32,892016000000.0,46341000000.0,916214000000.0,375.0,4853.0,29.2,18.1,14236.0,643801.0,18.36,11.88,36.83,12.47,20.46,63.1,28.3,34.8,2.9,41.7,40,43.4,11.66,9.54,1.06,81.8,0.67,1.05,1.05,1.05,1.02,0.94,0.64,0.96,28.9,8,3.15,3.53,2.74,82.59,79.53,85.79,2.03,0.99,nan
French Polynesia,PYF,5490000000.0,299356.0,0.73,1245000000.0,411963000.0,2235000000.0,,2525.0,43.7,43.8,10.0,4167.0,21.69,14.72,44.24,10.31,9.04,45.6,31.6,14,7.1,33.3,33,33.5,13.47,5.59,-0.63,62.3,0.65,1.05,1.06,1.09,1.05,1.05,0.79,1.05,nan,nan,4.4,5.3,3.46,78.43,76.11,80.86,1.81,0.88,nan
Gabon,GAB,32340000000.000004,2340613.0,2.4,10800000000.0,1389000000.0,5020000000.0,377.0,885.0,81,0,40.0,267667.0,36.45,21.9,32.48,5.19,3.98,67.6,61,6.5,15.3,21,21.4,20.6,26.03,5.67,3.67,91,2.27,1.03,1.03,1.08,1.12,1,0.78,1.08,19.6,252,28.56,31.58,25.46,69.7,67.98,71.48,3.31,1.61,31.1
Gambia,GMB,5482000000.0,2413403.0,2.29,175682000.0,37078000.0,691000000.0,34.0,80.0,43.9,0,50.0,11300.0,35.15,20.12,36.39,4.53,3.81,85,80.5,4.5,22.2,21.8,21.5,22.2,28.78,5.81,-0.04,64.5,3.75,1.03,1.02,1.01,0.96,0.76,0.88,0.98,20.7,597,37.19,40.75,33.53,67.6,65.83,69.41,3.79,1.8,18.9
Georgia,GEO,57434000000.0,4935518.0,0.03,9546000000.0,1024999999.9999999,11162000000.0,1432.0,310.0,39.4,25.1,4330.0,69700.0,18.42,10.9,40.59,13.24,16.85,55.4,32.8,22.6,4.4,38.6,35.9,41.4,11,10.8,0.06,60.7,0.35,1.05,1.07,1.14,0.98,0.78,0.54,0.92,25.9,25,14.77,16.9,12.53,77.5,73.45,81.74,1.75,0.85,40.6
Germany,DEU,4424000000000.0,84316622.0,-0.11,1816000000000.0,313754000000.0,1595000000000.0,263.0,2389.0,31.8,20.2,5056.0,357022.0,12.89,9.81,38.58,15.74,22.99,56.4,21.7,34.7,2.9,47.8,46.5,49.1,9.08,11.98,1.78,77.8,0.13,1.05,1.04,1.03,1.05,1,0.7,0.98,29.9,7,3.19,3.56,2.8,81.51,79.15,84,1.57,0.77,67
Ghana,GHA,178455000000.0,33107275.0,2.23,25592000000.0,1864000000.0,26908000000.0,190.0,539.0,21.2,9.7,360.0,238533.0,37.44,18.64,34.27,5.21,4.44,68.7,62.9,5.9,17,21.4,21,21.9,28.55,6.14,-0.16,59.2,3.06,1.03,1.02,0.99,0.89,0.88,0.72,0.95,20.7,308,32.59,36.05,29.03,69.37,67.7,71.09,3.66,1.78,27.2
Gibraltar,GIB,2044000000.0,29573.0,0.19,202300000.0,,2967000000.0,,12.0,nan,100,,7.0,20.24,13.07,41.28,8.71,16.7,60.1,27.4,32.7,3.1,35.5,34.4,36.6,13.93,8.76,-3.25,100,0.45,1.05,1.05,1.06,1.05,0.79,0.95,1.02,nan,nan,6.25,7.06,5.41,80.42,77.58,83.41,1.9,0.93,nan
Greece,GRC,314427000000.0,10533871.0,-0.34,81184000000.0,3112000000.0,83192000000.0,498.0,13676.0,30.5,6.1,11853.0,131957.0,14.53,10.34,39.6,13.1,22.43,57.7,22.2,35.5,2.8,45.3,43.7,46.8,7.61,12.04,1,80.7,0.11,1.07,1.06,1.14,1,0.89,0.71,0.95,30.7,3,3.55,3.94,3.13,81.49,78.96,84.2,1.4,0.68,nan
Greenland,GRL,2413000000.0,57792.0,-0.02,407100000.0,,783500000.0,1792.0,44087.0,0,99.4,,2166086.0,20.82,14.45,39.72,14.66,10.36,43.6,30,13.6,7.4,34.3,35.1,33.4,13.79,8.96,-5,87.9,0.41,1.05,1.03,1.01,1.08,1.19,0.84,1.08,nan,nan,8.75,10.25,7.16,73.98,71.28,76.82,1.91,0.92,nan
Grenada,GRD,1706000000.0,113949.0,0.32,421843000.0,176958000.0,587000000.0,,121.0,50,17.7,20.0,344.0,23.23,14.14,40.05,11.69,10.89,51.3,36.4,14.9,6.7,33.3,33.1,33.4,13.94,8.31,-2.43,37.1,0.86,1.1,1.09,1.02,1.05,1.04,0.69,1.03,nan,25,9.4,8.94,9.9,75.74,73.13,78.6,1.93,0.91,nan
Guam,GUM,5793000000.0,169086.0,0.16,1124000000.0,,2964000000.0,,,47.9,18.7,2.0,544.0,27.22,16.08,36.65,10.5,9.54,60.7,42.3,18.4,5.4,29.4,28.7,30.2,18.56,6.03,-10.96,95.2,0.84,1.07,1.07,1.16,1.07,1.07,0.71,1.06,nan,nan,11.46,11.49,11.44,77.5,75.07,80.08,2.78,1.33,nan
Guatemala,GTM,152734000000.0,17703190.0,1.58,13598000000.0,2113000000.0,21527000000.0,759.0,400.0,33.6,25.2,3375.0,108889.0,33.68,19.76,36.45,5.41,4.7,60.9,53,7.9,12.7,23.2,22.6,23.8,22.34,4.91,-1.66,53.1,2.59,1.05,1.04,1.01,0.96,0.87,0.68,0.98,20.6,95,26.18,29.51,22.69,72.91,70.88,75.04,2.62,1.25,60.6
Guernsey,GGY,3465000000.0,67491.0,0.23,,,,,50.0,nan,nan,,78.0,14.5,10.58,40.73,13.96,20.23,48.6,23.9,24.6,4.1,44.3,43,45.6,9.75,9.17,1.7,31.2,0.68,1.05,1.06,1.04,1.03,0.98,0.73,0.99,nan,nan,3.36,3.85,2.83,83.23,80.52,86.07,1.58,0.77,nan
Guinea,GIN,35729000000.0,13237832.0,2.76,4041000000.0000005,4639000000.0,4320000000.0,472.0,320.0,26.5,15.4,950.0,245857.0,41.2,19.32,30.85,4.73,3.91,82.4,76.3,6.1,16.3,19.1,18.9,19.4,35.67,8.12,0,38.1,3.64,1.03,1.02,1.01,1,0.94,0.68,1,19.9,576,49.63,54.39,44.74,63.9,62.04,65.82,4.85,2.37,10.9
Guinea-Bissau,GNB,3774000000.0,2026778.0,2.53,380428000.0,54134000.0,459000000.0,70.0,350.0,55.2,0,250.0,36125.0,43.17,20.38,30.24,3.12,3.08,76.6,71.6,5,20.1,18,17.4,18.6,36.45,7.5,-3.63,45.5,3.22,1.03,1.01,0.96,0.91,1.1,0.7,0.96,nan,667,49.05,54.84,43.08,63.68,61.45,65.99,4.69,2.29,20.6
Guyana,GUY,17640000000.0,789683.0,0.24,1805000000.0,2717000000.0,5025000000.0,207.0,459.0,77.4,14.2,1430.0,214969.0,23.91,21.23,39.48,8.37,7.01,53.6,44.1,9.5,10.6,27.5,27.2,27.9,16.72,6.91,-7.42,27.2,1.01,1.05,1.04,1.05,1.11,0.98,0.69,1.04,20.8,667,22.15,25.05,19.1,71.87,70.03,73.8,2.06,1,29.9
Haiti,HTI,32856000000.0,11334637.0,1.2,1733000000.0,141371000.0,5161000000.0,470.0,1771.0,3.6,30,800.0,27750.0,31.21,20.71,38.45,5.3,4.33,58.3,51.2,7.1,14.1,24.1,23.8,24.3,21.12,7.23,-1.88,59.7,2.47,1.01,0.99,0.99,0.98,0.92,0.62,0.97,22.4,480,40.02,45.71,34.26,65.95,63.26,68.67,2.43,1.19,34.3
Heard Island and McDonald Islands,HMD,,,nan,,,,,,nan,100,,412.0,nan,nan,nan,nan,nan,,,,nan,nan,nan,nan,nan,nan,nan,nan,nan,nan,nan,nan,nan,nan,nan,nan,nan,nan,nan,nan,nan,nan,nan,nan,nan,nan,nan
Honduras,HND,57273000000.0,9459440.0,1.19,7243000000.0,1222000000.0,11825000000.0,684.0,823.0,45.3,25.9,900.0,112090.0,30.2,21.03,37.79,5.58,5.4,53.3,46.9,6.4,15.5,24.4,23.5,25.2,17.92,4.68,-1.34,60.2,2.48,1.03,1.03,1,0.9,0.83,0.71,0.95,20.3,65,15.08,17.2,12.89,75.17,71.63,78.82,2.01,0.97,69.4
Hong Kong,HKG,444624000000.0,7276588.0,0.17,645007000000.0,41712000000.0,639363000000.0,,733.0,0,95,10.0,1108.0,12.81,8.81,42.66,17.24,18.48,46.6,17.8,28.7,3.5,45.6,44.2,46.5,8.04,7.98,1.65,100,0.58,1.06,1.09,1.13,0.78,0.82,0.71,0.86,29.8,nan,2.55,2.82,2.26,83.61,80.91,86.46,1.22,0.6,66.7
Howland Island,UMI,,,nan,,,,,,nan,100,,,nan,nan,nan,nan,nan,,,,nan,nan,nan,nan,nan,nan,nan,nan,nan,nan,nan,nan,nan,nan,nan,nan,nan,nan,nan,nan,nan,nan,nan,nan,nan,nan,nan
Hungary,HUN,326186000000.0,9699577.0,-0.3,133735999999.99998,1231000000.0,129901000000.00002,143.0,0.0,22.5,18.6,1010.0,93028.0,14.54,10.43,42.17,12.17,20.69,53.8,22.4,31.4,3.2,43.6,41.5,45.5,8.65,12.88,1.23,72.9,0.05,1.06,1.06,1.07,1.02,0.88,0.51,0.91,28.4,12,4.62,4.95,4.27,77.2,73.55,81.06,1.48,0.72,nan
Iceland,ISL,19962000000.0,357603.0,0.93,11005000000.0,409262000.0,9891000000.0,557.0,4970.0,0.3,81,,103000.0,20.31,12.85,39.44,11.94,15.47,50.5,28,22.5,4.5,37.1,36.6,37.7,12.96,6.56,2.89,94,0.74,1.05,1.04,1.02,1.03,0.98,0.76,1,28.7,4,1.65,1.83,1.46,83.64,81.41,85.97,1.95,0.95,nan
India,IND,9279000000000.0,1389637446.0,0.67,546033000000.0,33421999999.999996,619485000000.0,160.0,7000.0,23.1,16.4,715539.0,3287263.0,26.31,17.51,41.56,7.91,6.72,48.1,38.1,10.1,9.9,28.7,28,29.5,16.82,10.3,0.16,36.4,2.33,1.1,1.11,1.12,1.07,0.95,0.71,1.06,21.2,145,30.31,29.95,30.7,67.22,65.46,69.16,2.1,0.98,66.7
Indonesia,IDN,3246000000000.0,277329163.0,0.79,200097000000.0,30279000000.0,204230000000.0,367.0,54716.0,51.7,17.1,67220.0,1904569.0,23.87,16.76,42.56,8.99,7.82,47.6,37.6,10,10,31.1,30.5,31.8,15.32,6.75,-0.71,58.6,1.99,1.05,1.05,1.05,0.99,0.98,0.66,1,22.4,177,19.73,22.15,17.18,73.08,70.86,75.4,2.01,0.97,55.5
Iran,IRN,1319000000000.0,86758304.0,0.98,101400000000.0,9491000000.0,76390000000.0,1305.0,2440.0,6.8,63.1,79721.0,1648195.0,24.11,13.36,48.94,7.72,5.87,45.3,34.6,10.7,9.3,31.7,31.5,32,15.27,5.17,-0.3,77.3,1.32,1.05,1.05,1.05,1.05,0.96,0.77,1.03,nan,16,14.84,15.97,13.65,75.25,73.89,76.67,1.93,0.94,nan
Iraq,IRQ,390165000000.0,40462701.0,2,88903000000.0,6198000000.0,72283000000.0,312.0,58.0,1.9,80,35250.0,438317.0,37.02,19.83,35.59,4.23,3.33,71,65.2,5.8,17.1,21.2,20.8,21.6,24.7,3.9,-0.83,71.6,2.91,1.05,1.04,1.04,1,0.97,0.65,1.01,nan,79,19.62,21.34,17.83,73.18,71.3,75.15,3.25,1.55,52.8
Ireland,IRL,515880000000.0,5275004.0,0.94,502313000000.0,44934000000.0,452979000000.0,118.0,1448.0,10.9,23,0.0,70273.0,21.15,12.08,42.19,10.77,13.82,53.2,30.5,22.7,4.4,37.8,37.4,38.2,12.32,6.73,3.79,64.5,1.15,1.06,1.05,1.02,1.01,1.01,0.71,1,30.9,5,3.47,3.9,3.01,81.66,79.35,84.1,1.92,0.93,nan
Isle of Man,IMN,6792000000.0,91382.0,0.52,,,,,160.0,6.1,19.2,0.0,572.0,16.28,11.02,37.8,13.82,21.08,58.6,23.6,34.9,2.9,44.6,43.6,45.6,10.58,10.18,4.76,53.5,0.97,1.08,1.08,1.18,1,1.02,0.75,1.01,nan,nan,4.24,4.59,3.85,82.04,80.23,84,1.89,0.91,nan
Israel,ISR,393861000000.0,8914885.0,1.44,117779000000.0,21090000000.0,108784000000.0,508.0,273.0,7.1,69.1,2159.0,21937.0,26.76,15.67,37.2,8.4,11.96,66.9,47,19.9,5,30.4,29.8,31,17.41,5.05,2.02,92.9,1.51,1.05,1.05,1.04,1.04,1.01,0.7,1.01,27.7,3,3.56,3.82,3.28,83.35,81.45,85.34,2.56,1.24,nan
Italy,ITA,2478000000000.0,61095551.0,-0.13,636153000000.0,64718999999.99999,568796000000.0,538.0,7600.0,31.4,21.5,26010.0,301340.0,13.45,9.61,40.86,14,22.08,57.1,19.9,37.2,2.7,46.5,45.4,47.5,6.95,11.31,3.02,72,0.27,1.06,1.05,1.01,0.97,0.95,0.67,0.93,31.4,2,3.16,3.32,2.99,82.59,80.25,85.08,1.22,0.6,65.1
Jamaica,JAM,27136000000.0,2818596.0,0.08,5991000000.0,350949000.0,8317000000.0,18.0,1022.0,31.1,27.5,250.0,10991.0,25.2,17.95,38.06,9.63,9.17,38,28,13.4,7.4,29.4,28.6,30.1,15.91,7.43,-7.7,57.4,0.79,1.05,1.04,1.03,0.94,0.98,0.75,0.98,21.2,80,11.17,12.43,9.84,75.75,73.98,77.6,2.06,1,nan
Jan Mayen,NOR,,,nan,,,,,,nan,100,0.0,377.0,nan,nan,nan,nan,nan,,,,nan,nan,nan,nan,nan,nan,nan,nan,nan,nan,nan,nan,nan,nan,nan,nan,nan,nan,nan,nan,nan,nan,nan,nan,nan,nan,nan
Japan,JPN,5280000000000.0,124214766.0,-0.39,904632000000.0,157743000000.0,913248000000.0,438.0,29751.0,68.5,19,15730.0,377915.0,12.49,9.47,36.8,12.06,29.18,71.1,20.1,51,2,48.6,47.2,50,6.95,11.59,0.74,92,-0.25,1.06,1.06,1.09,1,1,0.65,0.95,30.7,5,1.9,2,1.79,84.83,81.92,87.9,1.38,0.68,39.8
Jarvis Island,UMI,,,nan,,,,,,nan,100,,,nan,nan,nan,nan,nan,,,,nan,nan,nan,nan,nan,nan,nan,nan,nan,nan,nan,nan,nan,nan,nan,nan,nan,nan,nan,nan,nan,nan,nan,nan,nan,nan,nan
Jersey,JEY,5569000000.0,102146.0,0.64,,,,,70.0,0,34,,116.0,16.63,12.98,40.12,13.22,17.05,44.5,21.3,23.2,4.3,37.5,36,39.5,12.41,7.75,1.76,31.2,0.68,1.06,1.07,1.07,1.04,0.95,0.61,0.97,nan,nan,3.87,4.32,3.4,82.63,80.13,85.28,1.66,0.8,nan
Johnston Atoll,UMI,,,nan,,,,,,nan,100,,,nan,nan,nan,nan,nan,,,,nan,nan,nan,nan,nan,nan,nan,nan,nan,nan,nan,nan,nan,nan,nan,nan,nan,nan,nan,nan,nan,nan,nan,nan,nan,nan,nan
Jordan,JOR,102822000000.0,10998531.0,0.81,16170000000.000002,773366000.0,21964000000.0,812.0,26.0,1.1,87.5,833.0,89342.0,33.05,19.77,38.39,5.11,3.67,57.1,51.2,5.8,17.1,23.5,23.9,22.9,22.58,3.45,-11.08,92,0.98,1.06,1.06,1.08,1.17,1.12,0.84,1.1,24.6,46,13.9,15.04,12.69,76.01,74.51,77.6,2.96,1.41,51.8
Kazakhstan,KAZ,496126000000.0,19398331.0,0.77,65919000000.0,8282000000.0,52539000000.0,387.0,0.0,1.2,21.4,18099.0,2724900.0,26.13,12.97,42.23,10.25,8.43,60,47.2,12.7,7.9,31.6,30.3,32.8,15.38,8.11,0.39,58.2,1.19,0.94,0.94,1.04,0.96,0.78,0.35,0.9,28.9,10,19.18,21.73,16.79,72.53,67.43,77.31,2.11,1.08,53
Kenya,KEN,251431000000.0,55864655.0,2.12,11471000000.0,5258000000.0,20408000000.0,762.0,536.0,6.1,45.8,1030.0,580367.0,38.71,20.45,33.75,4.01,3.07,70.2,65.3,4.8,20.7,20,19.9,20.1,26.39,5.01,-0.19,29.5,4.09,1.02,1.01,1.01,1.01,0.98,0.75,1,20.3,342,27.86,30.92,24.74,69.69,67.98,71.43,3.29,1.6,64.6
Kingman Reef,UMI,,,nan,,,,,,nan,100,,,nan,nan,nan,nan,nan,,,,nan,nan,nan,nan,nan,nan,nan,nan,nan,nan,nan,nan,nan,nan,nan,nan,nan,nan,nan,nan,nan,nan,nan,nan,nan,nan,nan
Kiribati,KIR,249640000.0,114189.0,1.04,32516000.0,20251000.0,177149000.0,2.0,1143.0,15,43,0.0,811.0,28.47,20.24,40.05,6.65,4.59,66.4,60.2,6.2,16.1,25.7,24.8,26.6,20.12,6.92,-2.8,57.8,2.77,1.05,1.04,0.98,0.92,0.82,0.46,0.94,23.1,92,32.93,34.88,30.87,67.9,65.3,70.64,2.2,1.06,33.5
Korea,PRK,40000000000.0,25955138.0,0.46,222000000.0,,2320000000.0,600.0,2495.0,46,32.2,14600.0,120538.0,20.33,14.39,43.77,11.77,9.75,43.5,27.2,16.3,6.1,34.6,33.2,36.2,14.21,9.53,-0.04,63.2,0.85,1.06,1.04,1.02,1.01,0.92,0.33,0.95,nan,89,22.21,25.03,19.23,71.77,67.88,75.88,1.9,0.92,70.2
Korea,PRK,2289000000000.0,51844834.0,0.24,660507000000.0,88302000000.0,607540000000.0,282.0,2413.0,63.9,18,7780.0,99720.0,12.02,10.75,44.83,15.66,16.74,39.9,16.6,23.3,4.3,43.2,41.6,45,6.92,7.12,2.63,81.5,0.31,1.05,1.05,1.09,1.11,0.95,0.6,1.01,32.2,11,2.87,3.08,2.64,82.97,79.88,86.24,1.1,0.54,82.3
Kosovo,SRB,21226000000.0,1952701.0,0.57,2312000000.0,447233000.0,4454000000.0,450.0,0.0,41.7,5.5,,10887.0,24.07,16.95,42.56,8.67,7.75,46.9,32.3,14.6,6.9,30.5,30.2,30.8,14.85,8.12,-1.07,nan,nan,1.08,1.08,1.08,1.11,1.05,0.6,1.06,nan,nan,27.12,28.74,25.38,71.12,68.83,73.58,1.9,0.91,nan
Kuwait,KWT,191522000000.0,3068155.0,1.17,72833000000.0,34943000000.0,59654000000.0,108.0,499.0,0.4,91.1,100.0,17818.0,24.29,14.96,52.39,5.43,2.92,34.4,28.4,6,24.9,29.7,30.7,27.9,17.78,2.25,-3.87,100,1.35,1.05,1.09,1.19,1.66,1.21,0.66,1.37,nan,12,7.43,7.75,7.1,79.13,77.67,80.65,2.24,1.09,nan
Kyrgyzstan,KGZ,32220999999.999996,6071750.0,0.86,3108000000.0,743363000.0,5670000000.0,2988.0,0.0,5.1,39.5,10043.0,199951.0,30.39,15.7,40.02,8.09,5.8,63.5,56.4,7.2,13.9,27.3,26.1,28.5,19.54,6.12,-4.87,37.8,2.05,1.07,1.06,1.03,0.96,0.78,0.5,0.96,22.6,60,25.66,29.83,21.22,72.35,68.27,76.71,2.5,1.2,39.4
Latvia,LVA,60457000000.0,1842226.0,-1.11,20539000000.0,1700000000.0,20765000000.0,87.0,498.0,54.1,16.7,6.0,64589.0,15.32,9,40.41,14.77,20.5,59.3,24.9,34.4,2.9,44.4,40.5,48,8.73,14.65,-5.19,68.7,-0.68,1.05,1.06,1.06,1.02,0.84,0.36,0.86,27.3,19,4.85,5.27,4.42,75.91,71.47,80.56,1.54,0.76,nan
Lebanon,LBN,72577000000.0,5296814.0,0.66,18208000000.0,11265000000.0,31147000000.0,1250.0,225.0,13.4,23.3,1040.0,10400.0,20.75,14.98,46.69,9.62,7.96,59.3,44,15.3,6.5,33.7,33.1,34.4,13.1,5.57,-0.94,89.4,-1.23,1.05,1.05,1.04,1.03,0.93,0.67,1,nan,29,7.04,7.6,6.45,78.76,77.36,80.23,1.71,0.83,nan
Lesotho,LSO,5236000000.0,2193970.0,0.76,1093000000.0,72308000.0,2230000000.0,2161.0,0.0,1.5,22.4,12.0,30355.0,31.3,19.26,38.86,4.98,5.6,62.1,55.3,6.8,14.7,24.7,24.7,24.7,23.15,11.05,-4.55,30.4,2.77,1.03,1.01,1.01,1.02,0.74,0.48,0.98,20.9,544,48.44,54,42.72,59.57,57.57,61.64,2.92,1.42,64.9
Liberia,LBR,7391000000.0,5358483.0,2.73,429592000.0,565564000.0,1232000000.0,243.0,579.0,44.6,27.3,30.0,111369.0,43.35,20.35,30.01,3.46,2.83,79.7,73.7,6,16.7,18,17.7,18.2,36.64,6.62,-2.74,53.6,3.41,1.03,1.02,1,0.97,1.02,0.77,1,19.1,661,44.57,48.68,40.34,65.45,63.19,67.78,4.79,2.33,24.9
Libya,LBY,147942000000.0,7137931.0,1.65,29326000000.0,4780000000.0,25368000000.0,423.0,1770.0,0.1,91.1,4700.0,1759540.0,33.65,15.21,41.57,5.52,4.04,50.8,43.5,7.3,13.8,25.8,25.9,25.7,21.56,3.45,-1.61,81.6,1.45,1.05,1.04,1.04,1.08,0.97,0.73,1.04,nan,72,11.22,12.66,9.7,77.18,74.94,79.53,3.09,1.48,27.7
Liechtenstein,LIE,4978000000.0,39711.0,0.72,3217000000.0,,2230000000.0,,0.0,43.1,19.3,0.0,160.0,15.2,11.29,40.22,14.41,18.88,50.2,21.8,28.3,3.5,43.7,42,45.3,10.32,7.98,4.81,14.6,1.15,1.25,1.24,1.04,1,0.92,0.69,0.99,31.3,nan,4.05,4.41,3.59,82.56,80.33,85.38,1.69,0.75,nan
Lithuania,LTU,110089000000.0,2683546.0,-1.04,42323000000.0,756476000.0,39419000000.0,110.0,90.0,34.6,20.6,16.0,65300.0,15.26,10.23,38.96,15.1,20.45,55.7,23.6,32.1,3.1,44.5,40.2,48.2,9.26,15.12,-4.54,68.7,-0.12,1.06,1.05,1.07,1,0.81,0.45,0.86,28.2,5,3.63,4.09,3.15,75.78,70.42,81.44,1.61,0.78,nan
Luxembourg,LUX,74045000000.0,650364.0,1.64,139559000000.0,4141000000.0,116803000000.0,325.0,0.0,33.5,15.8,0.0,2586.0,16.73,11.78,43.93,12.19,15.37,44.2,23,21.3,4.7,39.5,38.9,40,11.61,7.21,12.01,92.1,1.43,1.06,1.06,1.05,1.05,1.06,0.7,1.02,31,5,3.25,3.65,2.83,82.98,80.52,85.58,1.63,0.79,nan
Madagascar,MDG,42322000000.0,28172462.0,2.27,4082000000.0,302357000.0,4685000000.0,615.0,4828.0,21.5,7.4,10860.0,587041.0,38.86,20.06,33.02,4.6,3.47,74.5,68.8,5.8,17.4,20.3,20.1,20.5,28.68,6,0,40.6,4.26,1.03,1.02,1.02,1,0.98,0.78,1,19.5,335,39.04,42.33,35.65,68.17,66.8,69.57,3.62,1.75,49.7
Malawi,MWI,29658000000.0,20794353.0,2.34,1447000000.0,1321000000.0,3266000000.0,779.0,0.0,34,6.8,740.0,118484.0,45.87,20.51,27.96,2.98,2.68,84.7,79.7,5,20.1,16.8,16.7,16.9,27.94,4.58,0,18.3,4.41,1.02,0.99,0.97,0.95,0.9,0.64,0.96,19.1,349,33.43,37.86,28.93,72.44,69.33,75.59,3.4,1.64,65.6
Malaysia,MYS,884106000000.0,33871431.0,1.03,238361000000.0,14143000000.0,210860000000.0,419.0,4675.0,62,14.8,4420.0,329847.0,26.8,16.63,40.86,8.81,6.9,43.3,32.9,10.4,9.6,29.2,28.9,29.6,14.55,5.69,1.48,78.7,1.87,1.07,1.06,1.05,1.07,1,1.14,1.05,nan,29,6.59,6.97,6.19,76.13,74.5,77.87,1.75,0.84,52.2
Maldives,MDV,9785000000.0,390164.0,-0.14,3742000000.0,1490000000.0,4090000000.0,2.0,644.0,3,73.7,0.0,298.0,22.13,17.24,48.91,6.91,4.81,35.6,29.5,6.2,16.2,29.5,29.2,30,15.54,4.15,-12.78,42,2.34,1.05,1.04,1.2,1.11,0.89,0.75,1.08,23.2,53,25.7,28.76,22.49,76.94,74.57,79.42,1.71,0.83,18.8
Mali,MLI,46452000000.0,20741769.0,2.95,4442000000.0,836255000.0,6559000000.0,343.0,0.0,10.2,55.7,3780.0,1240192.0,47.69,19,26.61,3.68,3.02,99.3,94.5,4.9,20.6,16,15.3,16.7,41.07,8.53,-3.08,46.2,4.57,1.03,1.01,0.91,0.87,1.05,0.84,0.95,19.2,562,60.64,66.04,55.08,62.41,60.19,64.7,5.54,2.68,17.2
Malta,MLT,23157000000.0,464186.0,0.67,20773000000.0,415142000.0,18578000000.0,,56.0,0.9,66.8,35.0,316.0,14.38,10.33,41.1,12.88,21.3,47.1,19.3,27.7,3.6,42.3,41.2,43.5,9.73,8.48,5.49,94.9,0.28,1.04,1.06,1.07,1.09,1.01,0.7,1.02,29.3,6,4.53,4.43,4.64,83.2,81.11,85.38,1.5,0.74,nan
Marshall Islands,MHL,250694000.0,79906.0,1.34,54987000.0,1182000.0,91814000.0,2.0,,49.3,0,0.0,181.0,32.94,19.09,37.35,5.92,4.7,59.9,53,6.8,14.7,23.8,23.6,23.9,22,4.28,-4.37,78.9,0.61,1.05,1.04,1.03,1.05,0.95,0.77,1.03,nan,nan,21.66,25.19,17.96,74.65,72.4,77.01,2.76,1.33,nan
Mauritania,MRT,24494000000.0,4161925.0,1.99,2525000000.0,831106000.0,3683000000.0,276.0,754.0,0.2,61.3,450.0,1030700.0,37.56,19.71,33.91,4.9,3.92,82.7,76.8,6,16.8,21,20.1,22,28.06,7.43,-0.72,57.7,3.84,1.03,1.01,0.96,0.86,0.83,0.61,0.93,21.8,766,50.99,56.89,44.91,65.22,62.77,67.75,3.53,1.71,11.5
Mauritius,MUS,26547000000.0,1308222.0,0.1,5258000000.0,718495000.0,7365000000.0,,177.0,17.3,38.9,158.0,2040.0,19.44,14.06,43.11,12.31,11.08,40.7,23.4,17.3,5.8,36.3,35,37.6,9.86,8.86,0,40.9,0.28,1.07,1.05,1.03,1,0.9,0.47,0.95,nan,61,12.08,13.63,10.43,74.86,72.04,77.88,1.35,0.65,63.8
Mexico,MEX,2418000000000.0,129150971.0,0.51,492657000000.0,4817000000.0,495391000000.0,1111.0,9330.0,33.3,11.8,60620.0,1964375.0,26.01,16.97,41.06,8.29,7.67,49.4,37.3,12.2,8.2,29.3,28.2,30.4,13.55,7.71,-0.76,81.6,1.4,1.05,1.05,1.09,0.91,0.84,0.75,0.96,21.3,33,11.86,13.11,10.55,72.32,68.93,75.88,1.68,0.85,73.1
Micronesia,FSM,375055000.0,101009.0,-0.67,88300000.0,12000000.0,167800000.0,,6112.0,74.5,0,0.0,702.0,28.24,18.62,40.81,7.38,4.95,57.7,48.4,9.3,10.8,26.3,25.5,27.1,18.39,4.19,-20.91,23.4,1.52,1.05,1.03,1,0.92,0.92,0.57,0.96,nan,88,21.9,25.02,18.63,74.44,72.34,76.66,2.24,1.08,nan
Midway Islands,UMI,,,nan,,,,,,nan,100,,,nan,nan,nan,nan,nan,,,,nan,nan,nan,nan,nan,nan,nan,nan,nan,nan,nan,nan,nan,nan,nan,nan,nan,nan,nan,nan,nan,nan,nan,nan,nan,nan,nan
Moldova,MDA,36637000000.0,3287326.0,-1.12,3662000000.0,1106000000.0,6608000000.0,139.0,0.0,11.9,13.2,2155.0,33851.0,18.31,11.27,43.13,13.26,14.03,39.6,29.7,20.4,4.9,37.7,36.2,39.5,10.19,12.47,-8.87,43.4,0.09,1.06,1.06,1.08,1.04,0.86,0.46,0.96,25.2,19,11.6,13.55,9.54,72.44,68.6,76.52,1.59,0.77,56
Monaco,MCO,7672000000.0,31400.0,0.6,964600000.0,,1371000000.0,,,0,99,0.0,2.0,9.41,9.52,30.46,15.47,35.15,95.2,25,70.2,1.4,55.4,53.7,57,6.66,10.7,10.03,100,0.5,1.04,1.05,1.07,1.03,0.97,0.76,0.94,nan,nan,1.76,2.07,1.45,89.52,85.7,93.49,1.53,0.75,nan
Mongolia,MNG,39063000000.0,3227863.0,0.88,8416000000.0,2162000000.0,9249000000.0,1528.0,0.0,7,20,602.0,1564116.0,26.96,14.93,45.29,8.04,4.78,58.4,51.4,7,14.3,29.8,28.8,30.7,15.84,6.3,-0.77,69.1,1.4,1.05,1.04,1.03,0.93,0.82,0.51,0.95,20.5,45,20.18,23.26,16.95,71.37,67.19,75.76,1.91,0.92,48.1
Montenegro,MNE,12757000000.0,604966.0,-0.41,2424000000.0,796134000.0,3600000000.0,1086.0,,40.4,21.4,24.0,13812.0,18.14,12.78,39.65,13.41,16.02,52.5,27.7,24.8,4,39.6,38.1,41.1,11.19,10.33,-4.97,68.5,0.45,1.04,1.07,1.07,0.99,0.96,0.69,0.97,26.3,6,3.24,2.72,3.79,77.75,75.32,80.27,1.81,0.89,20.7
Montserrat,MSR,167400000.0,5414.0,0.5,4400000.0,12200000.0,39440000.0,,40.0,25,45,0.0,102.0,15.87,19.67,47.09,10.47,7.15,43.9,19.2,24.7,4,34.8,34.1,35.6,10.9,5.91,0,9.3,0.94,1.03,1.06,1.08,1,0.92,1.92,1,nan,nan,10.36,8.37,12.45,75.7,76.66,74.7,1.32,0.64,nan
Morocco,MAR,303336000000.0,36738229.0,0.91,44048000000.0,4407000000.0,54097000000.0,909.0,2945.0,11.5,21,17645.0,716550.0,27.04,16.55,40.64,8.67,7.11,52.2,40.9,11.3,8.9,29.1,28.7,29.6,17.42,6.6,-1.74,65.1,1.88,1.05,1.04,1.01,0.98,0.97,0.81,1,nan,70,19.2,21.47,16.81,73.68,71.98,75.46,2.29,1.12,70.8
Mozambique,MOZ,39351000000.0,31693239.0,2.56,5600000000.0,2934000000.0,9503000000.0,345.0,2470.0,43.7,0,1180.0,799380.0,45.57,19.91,28.28,3.31,2.93,86.1,81.3,4.8,20.8,17,16.3,17.6,37.47,10.25,-1.58,38.8,4.24,1.03,1.03,1,0.86,0.94,0.88,0.97,19.2,289,61.38,63.37,59.33,57.1,55.76,58.49,4.81,2.33,27.1
Namibia,NAM,23120000000.0,2727409.0,1.82,4581000000.0,1210000000.0,5808000000.0,1141.0,1572.0,8.8,44,80.0,824292.0,35.68,20.27,35.47,4.68,3.9,67.3,60.6,6.7,14.8,21.8,21.1,22.6,25.01,6.85,0,54.9,3.64,1.03,1.02,1.01,0.93,0.79,0.61,0.96,21.6,195,29.42,31.48,27.3,66.47,64.46,68.53,2.98,1.45,56.1
Nauru,NRU,149474000.0,9811.0,0.42,39883000.0,8406000.0,91571000.0,,30.0,0,80,0.0,21.0,30.87,15.68,42.57,6.97,3.94,69.9,66,3.9,25.8,27,28.2,25.9,21.1,6.32,-10.6,100,0.18,1.04,1.04,0.91,1.03,0.7,0.51,0.96,nan,nan,7.84,10.1,5.5,67.93,64.38,71.62,2.62,1.27,nan
Navassa Island,UMI,,,nan,,,,,8.0,nan,100,,5.0,nan,nan,nan,nan,nan,,,,nan,nan,nan,nan,nan,nan,nan,nan,nan,nan,nan,nan,nan,nan,nan,nan,nan,nan,nan,nan,nan,nan,nan,nan,nan,nan,nan
Nepal,NPL,115093000000.0,30666598.0,0.78,2726000000.0,1754000000.0,13836000000.0,2565.0,0.0,25.4,45.8,13320.0,147181.0,28.36,20.93,38.38,6.64,5.69,54.9,45.5,9.4,10.7,25.3,23.9,26.9,17.53,5.58,-4.21,21.9,3.09,1.06,1.06,1.03,0.87,0.88,0.91,0.96,20.4,186,25.13,26.47,23.71,72.4,71.66,73.17,1.9,0.91,46.7
Netherlands,NLD,992675000000.0,17400824.0,0.36,751200000000.0,73138000000.0,662000000000.0,30.0,451.0,10.8,34.1,2969.0,41543.0,16.11,11.91,38.47,13.69,19.82,54.9,24,30.9,3.2,42.8,41.6,44,10.99,9.24,1.9,93.2,0.59,1.05,1.05,1.04,1.01,0.99,0.67,0.98,30.2,5,3.4,3.76,3.02,82.16,79.93,84.49,1.78,0.86,73
New Caledonia,NCL,11110000000.0,297160.0,1.19,2207000000.0,1861000000.0,2715000000.0,,2254.0,45.9,43.7,100.0,18575.0,21.74,15.63,43.73,9.06,9.84,49.6,33.6,16,6.3,32.9,32.1,33.7,14.13,5.88,3.66,72.7,1.72,1.05,1.04,1.04,1.02,0.94,0.59,0.99,nan,nan,5,5.97,3.98,78.83,74.93,82.92,1.86,0.9,nan
New Zealand,NZL,219839000000.0,5053004.0,1.17,57875000000.0,5945000000.0,57682000000.0,388.0,15134.0,31.4,25.4,7000.0,268838.0,19.63,12.92,39.98,11.93,15.54,53.4,29,24.4,4.1,37.2,36.4,37.9,12.78,6.89,5.83,87,0.92,1.05,1.06,1.06,1.03,0.95,0.76,1,27.8,9,3.44,3.64,3.23,82.54,80.78,84.39,1.86,0.9,79.9
Nicaragua,NIC,38628000000.0,6301880.0,0.92,5714000000.0,316600000.0,6252000000.0,298.0,910.0,25.3,32.5,1990.0,130370.0,25.63,19.51,42.41,6.63,5.82,54.4,46.4,8,12.6,27.3,26.4,28.2,16.52,5.17,-2.15,59.8,1.45,1.05,1.04,1.02,0.91,0.84,0.65,0.95,19.2,198,19.09,22.26,15.77,74.78,72.56,77.11,1.8,0.87,80.4
Niger,NGA,29964000000.0,24484587.0,3.66,1450000000.0,1625000000.0,3369000000.0,474.0,0.0,1,63.9,2666.0,,50.58,19.99,23.57,3.17,2.68,105.4,100.4,5,20.1,14.8,14.5,15.1,47.08,9.87,-0.64,17.1,4.72,1.03,1.02,0.97,0.92,0.97,0.81,0.98,18.5,509,66.81,71.73,61.75,60.09,58.55,61.68,6.82,3.31,11
Nigeria,NGA,1050000000000.0,225082083.0,2.53,69927000000.0,13685000000.0,100820000000.0,380.0,853.0,9.5,12.5,2930.0,923768.0,41.7,20.27,30.6,4.13,3.3,86,80.6,5.5,18,18.6,18.4,18.9,34.19,8.7,-0.21,54.3,3.92,1.06,1.04,1.03,1,0.96,0.77,1.02,20.4,917,56.68,62.03,51.01,61.33,59.51,63.27,4.62,2.22,16.6
Niue,NIU,10010000.0,2000.0,-0.03,"201,400",,9038000.0,,64.0,71.2,9.7,0.0,260.0,nan,nan,nan,nan,nan,70.4,44.9,25.4,3.9,nan,nan,nan,nan,(2021,nan,48.2,1.43,nan,nan,nan,nan,nan,nan,nan,nan,nan,nan,nan,nan,nan,nan,nan,(2021,nan,nan
Norfolk Island,NFK,,1748.0,0.01,,,NA,,32.0,11.5,63.5,0.0,36.0,nan,nan,nan,nan,nan,,,,nan,nan,nan,nan,nan,nan,nan,nan,nan,nan,nan,nan,nan,nan,nan,nan,nan,nan,nan,nan,nan,nan,nan,nan,nan,nan,nan
North Macedonia,MKD,34006999999.999996,2130936.0,0.12,7800000000.0,376487000.0,9605000000.0,741.0,0.0,39.8,15.9,844.0,25713.0,16.16,12.65,44.47,12.55,14.17,44.6,23.2,21.4,4.7,39,38,40,10.45,9.61,0.38,59.5,0.61,1.07,1.07,1.07,1.04,0.97,0.55,0.99,26.9,7,7.32,8.27,6.31,76.84,74.73,79.08,1.51,0.74,59.9
Northern Mariana Islands,MNP,1242000000.0,51475.0,-0.35,914000000.0,,893000000.0,,1482.0,65.5,27.9,1.0,464.0,25.02,16.28,37.44,14.01,7.23,46,31.7,14.3,7,32.8,31.8,34.1,15.5,5.44,-13.6,92.1,0.36,1.17,1.16,1.18,1.09,1.18,0.89,1.13,nan,nan,12.48,15.13,9.38,76.58,74.48,79.03,2.63,1.2,nan
Norway,NOR,355122000000.0,5553840.0,0.8,146280000000.0,71551000000.0,140211000000.0,460.0,25148.0,27.8,69.5,337.0,323802.0,17.96,12.02,40.75,11.84,17.43,54,26.1,27.9,3.6,39.5,38.8,40.2,12,7.96,3.92,84,1.32,1.05,1.05,1.05,1.07,1.04,0.71,1.02,29.8,2,2.31,2.65,1.96,82.55,80.42,84.79,1.83,0.89,nan
Oman,OMN,155028000000.0,3764348.0,1.84,43584000000.0,4019999999.9999995,32569000000.000004,310.0,2092.0,0,95.3,1079.0,309500.0,30.15,17.35,44.81,4.02,3.68,42,38,4,25.2,26.2,27.2,25.1,22.11,3.23,-0.45,88.4,2.32,1.05,1.05,1.1,1.32,1.12,0.79,1.17,nan,19,14.45,15.71,13.12,76.9,74.96,78.93,2.7,1.3,29.7
Pakistan,PAK,1211000000000.0,242923845.0,1.95,30670000000.0,8558000000.0,57976000000.0,900.0,1046.0,2.1,62.7,193400.0,796095.0,36.01,19.3,34.7,5.55,4.44,70,62.8,7.2,13.9,22,21.9,22.1,26.48,6.02,-0.96,38,2.1,1.05,1.04,1.05,1.05,1.02,0.79,1.04,22.8,140,53.98,58.34,49.4,69.67,67.62,71.82,3.46,1.66,34
Palau,PLW,248468000.0,21695.0,0.39,12070000.0,97480000.0,180380000.0,,1519.0,87.6,1.6,0.0,459.0,18.68,15.86,45.33,10.68,9.45,43.8,30.2,13.7,7.3,33.9,32.9,35.9,11.52,8.25,0.6,82.4,1.59,1.07,1.07,1.01,1.66,0.64,0.27,1.07,nan,nan,11.28,13.26,9.18,74.64,71.48,78,1.7,0.82,nan
Palmyra Atoll,UMI,,,nan,,,,,,nan,100,,,nan,nan,nan,nan,nan,,,,nan,nan,nan,nan,nan,nan,nan,nan,nan,nan,nan,nan,nan,nan,nan,nan,nan,nan,nan,nan,nan,nan,nan,nan,nan,nan,nan
Panama,PAN,126352000000.0,4337768.0,1.53,27237000000.0,1412000000.0,24627000000.0,360.0,2490.0,43.6,25.9,407.0,75420.0,25.56,16.59,40.31,8.54,9.01,53.8,40.6,13.2,7.6,30.1,29.6,30.5,17.99,6.11,3.42,69.5,1.92,1.06,1.05,1.03,1.02,1,0.75,1.02,nan,52,16.44,17.69,15.11,77.62,74.76,80.66,2.39,1.15,50.8
Papua New Guinea,PNG,36589000000.0,9593498.0,2.35,10254000000.0,5451000000.0,4662000000.0,667.0,5152.0,63.1,34.3,0.0,462840.0,31.98,19.87,37.68,5.83,4.64,60.5,55.5,5,20.1,24,24,24,29.03,5.54,0,13.7,2.91,1.05,1.04,1.04,1.02,0.98,1,1.03,21.9,145,33.59,36.91,30.12,69.43,67.76,71.19,3.92,1.88,36.7
Paraguay,PRY,91759000000.0,7356409.0,1.14,13272000000.0,311068000.0,13146000000.0,178.0,0.0,43.8,2.4,1362.0,406752.0,23.41,17.71,42.63,8.37,7.88,54.4,44.8,9.6,10.4,29.7,29.5,29.9,16.32,4.87,-0.07,63.1,1.64,1.05,1.03,1.01,1,1.03,0.72,1.01,22.9,84,23.21,27.5,18.7,78.37,75.72,81.15,1.89,0.92,68.4
Peru,PER,421937000000.0,32275736.0,0.51,54676000000.0,5273000000.0,51778000000.0,1555.0,2414.0,53,28.2,25800.0,1285216.0,25.43,17.21,41.03,8.28,8.05,53,37.1,13.1,7.9,29.1,28.3,29.9,17.21,11.32,-0.75,78.9,1.33,1.05,1.04,1.01,0.95,0.9,0.63,0.96,21.9,88,10.8,11.89,9.65,68.94,65.38,72.67,2.2,1.06,77.4
Philippines,PHL,921826000000.0,114597229.0,1.6,94741000000.0,6009000000.0,131013000000.0,442.0,36289.0,25.9,33.1,16270.0,300000.0,32.42,19.16,37.37,6.18,4.86,56.2,47.8,8.3,12,24.1,23.6,24.6,22.28,6.41,0.13,48.3,2.04,1.05,1.04,1.04,1.03,0.9,0.46,1,23.5,121,22.23,24.51,19.84,70.14,66.6,73.86,2.78,1.35,54.1
Poland,POL,1318000000000.0,38093101.0,-0.26,330934000000.0,4568000000.0,302525000000.0,173.0,440.0,30.6,21.2,760.0,312685.0,14.83,9.8,43.33,13.32,18.72,51.4,23.4,28.6,3.5,41.9,40.3,43.6,8.5,10.71,-0.33,60.2,-0.16,1.06,1.06,1.06,1.02,0.92,0.57,0.94,27.9,2,4.16,4.58,3.71,78.76,75.02,82.73,1.4,0.69,62.3
Portugal,PRT,347694000000.0,10242081.0,-0.2,104846000000.0,2292000000.0,103009000000.0,372.0,1793.0,37.8,22.5,5662.0,92090.0,13.58,10.94,41.49,13.08,20.92,56,20.8,35.2,2.8,44.6,42.7,46.5,8,10.9,0.91,67.9,0.44,1.05,1.05,1.06,0.98,0.85,0.55,0.9,29.9,8,2.5,2.86,2.12,81.5,78.37,84.79,1.43,0.7,73.9
Puerto Rico,PRI,106500000000.0,3098423.0,-1.38,73170000000.0,0,49010000000.0,261.0,501.0,63.2,14.8,220.0,9104.0,14.22,12.78,37.73,13.5,21.77,56.3,21.3,34.9,2.9,43.6,41.6,45.3,7.87,9.76,-11.9,93.6,-0.12,1.06,1.04,1.04,0.91,0.85,0.64,0.89,nan,21,6.04,6.61,5.43,81.68,78.47,85.08,1.24,0.61,nan
Qatar,QAT,249636000000.0,2508182.0,1.04,92046000000.0,2986000000.0,66769999999.99999,28.0,563.0,0,94.4,130.0,11586.0,12.84,11.78,70.66,3.53,1.19,20.7,16.1,2,50.1,33.7,35,28.2,9.33,1.42,2.45,99.4,1.66,1.02,1.02,2.26,5.45,3.42,1.13,3.36,nan,9,6.62,7.25,5.96,79.81,77.7,81.96,1.9,0.94,37.5
Romania,ROU,588451000000.0,18519899.0,-1.09,100901000000.0,12184000000.0,111184000000.0,414.0,225.0,28.7,10.6,4730.0,238391.0,14.12,10.31,46.26,11.73,17.58,53.7,24.6,29.1,3.4,42.5,41,44,8.76,15.26,-4.36,54.7,-0.15,1.06,1.06,1.04,1,0.96,0.75,0.94,27.1,19,5.84,6.07,5.59,75.75,72.3,79.4,1.63,0.79,nan
Russia,RUS,4078000000000.0005,142021981.0,-0.22,481686000000.0,122270000000.0,352358000000.0,600.0,37653.0,49.4,37.5,43000.0,17098242.0,17.24,9.54,43.38,14.31,15.53,50,26.6,23.4,4.3,40.3,37.5,43.2,9.45,13.36,1.7,75.3,0.11,1.06,1.06,1.05,0.97,0.78,0.36,0.86,25.2,17,6.42,7.28,5.49,72.44,66.92,78.3,1.6,0.78,68
Rwanda,RWA,30141000000.0,13173730.0,1.74,2255000000.0,1231000000.0,3737000000.0,1598.0,0.0,18,7.5,96.0,26338.0,39.95,20.1,33.06,4.24,2.65,72.5,67.1,5.4,18.4,19.7,18.9,20.4,26.44,5.86,-3.21,17.9,3.07,1.03,1.02,1.01,0.9,0.82,0.54,0.96,23,248,26.39,28.9,23.81,65.85,63.89,67.86,3.33,1.59,64.1
Saint Barthelemy,BLM,,7103.0,-0.16,,,,,,nan,nan,,25.0,14.36,7.29,41.86,16.43,21.17,30.8,17.5,13.3,7.5,45.6,45.5,45.8,9.29,9.01,-1.83,nan,nan,1.06,1.06,1.09,1.19,1.18,0.85,1.12,nan,nan,6.71,7.85,5.53,80.58,77.48,83.81,1.64,0.79,nan
Saint Helena,SHN,31100000.0,7925.0,0.13,19000000.0,,20530000.0,,,5.1,64.1,0.0,394.0,14.66,11.7,42.59,13.53,18.06,68.6 NA,23.6 NA,45.1 NA,2.2,43.2,43.2,43.3,9.34,8.08,0,40.7,0.98,1.06,1.04,1.04,1,0.96,0.81,1.01,nan,nan,19.19,23.05,15.13,80.48,77.58,83.51,1.6,0.78,nan
Saint Kitts and Nevis,KNA,1261000000.0,54488.0,0.61,383152000.0,25045000.0,432584000.0,,135.0,42.3,34.6,8.0,261.0,19.87,13.46,43.64,13.03,10,41.7,28,13.7,7.3,36.5,36.7,36.3,12.24,7.27,1.16,31.1,1.06,1.02,1.01,0.95,1.04,1.03,0.75,1,nan,nan,8.35,5.69,11.06,77.08,74.63,79.58,1.76,0.87,nan
Saint Lucia,LCA,2344000000.0,167122.0,0.29,445965000.0,237610000.0,672769000.0,,158.0,77,5.6,30.0,616.0,19.24,13.6,42.83,11.23,13.1,37.7,25.2,12.5,8,36.9,35.7,38,12.02,8.07,-1.09,19.2,0.98,1.06,1.06,1.04,0.94,0.86,0.75,0.94,nan,117,11.99,11.23,12.78,78.95,76.21,81.84,1.72,0.84,55.5
Saint Martin,MAF,561500000.0,32792.0,0.33,,,,,,nan,nan,,50.0,25.63,10.28,46.2,8.71,9.17,49.1 N,33.5,15.6,6.4,33.3,32.5,34.1,14.09,4.64,-6.13,nan,nan,1.04,0.99,0.97,0.91,0.89,0.61,0.92,nan,nan,6.71,7.85,5.53,80.58,77.48,83.81,1.8,0.88,nan
Saint Pierre and Miquelon,SPM,261300000.0,5257.0,-1.2,6641000.0,,95350000.0,,120.0,12.5,78.8,0.0,242.0,13.68,8.71,40,15.52,24.1,52,26.1,25.9,3.9,48.5,47.9,49,6.47,11.22,-7.23,90.1,0.75,1.06,1.06,1.11,0.93,1.05,0.62,0.94,nan,nan,8.16,10.12,6.09,81.41,79.05,83.9,1.59,0.77,nan
Saint Vincent and the Grenadines,VCT,1429000000.0,100969.0,-0.17,188834000.0,27903000.0,373621000.0,,84.0,68.7,5.7,10.0,389.0,20.15,14.83,42.63,11.68,10.72,49,32.9,16.1,6.2,35.3,35.4,35.1,12.27,7.49,-6.47,54.3,0.94,1.03,1.02,1.02,1.07,1.08,0.73,1.04,nan,98,12.87,14.56,11.13,76.68,74.63,78.79,1.75,0.86,nan
Samoa,WSM,1211000000.0,206179.0,0.63,116519000.0,79680000.0,376791000.0,,403.0,60.4,27.2,0.0,2831.0,29.31,19.61,37.4,7.5,6.18,74.9,66,8.9,11.2,25.6,25.3,26,19.21,5.37,-7.51,17.5,-0.03,1.05,1.07,1.06,1.05,1.05,0.61,1.03,nan,43,18,21.76,14.05,75.19,72.28,78.25,2.42,1.16,16.6
San Marino,SMR,1917000000.0,34682.0,0.61,3827000000.0,0,2551000000.0,,0.0,0,83.3,0.0,61.0,14.73,11.64,39.12,14.28,20.24,49.6,19.6,30,3.3,45.2,43.9,46.3,8.85,8.82,6.11,97.8,0.41,1.09,1.1,1.13,0.9,0.92,0.7,0.93,31.9,nan,6.51,7.72,5.19,83.86,81.3,86.65,1.53,0.73,nan
Sao Tome and Principe,STP,904057000.0,217164.0,1.48,72594000.0,90026000.0,189630000.0,,209.0,28.1,21.2,100.0,964.0,39.77,21.59,31.61,4.17,2.87,77.9,71.2,6.7,14.9,19.3,18.9,19.7,28.19,6.2,-7.19,76.4,2.96,1.03,1.03,1.03,0.97,0.88,0.7,1,19.4,130,44.38,47.82,40.84,67.06,65.44,68.72,3.56,1.69,49.7
Saudi Arabia,SAU,1594000000000.0,35354380.0,1.63,285860000000.0,22814000000.0,218941000000.0,665.0,2640.0,0.5,18.8,11910.0,2149690.0,24.84,15.38,50.2,5.95,3.63,40.4,36.8,3.7,27.4,30.8,33,27.9,14.22,3.42,5.52,85,1.69,1.05,1.04,1.08,1.54,1.62,0.94,1.3,nan,17,12.27,13.51,10.97,76.65,75.07,78.32,1.92,0.92,27.9
Senegal,SEN,58991000000.0,17923036.0,2.57,4593000000.0,795648000.0,7499000000.0,69.0,531.0,43.8,9.4,1200.0,196722.0,40.38,20.35,31.95,4.21,3.1,81.5,75.8,5.7,17.4,19.4,18.5,20.3,31.51,5.08,-0.71,49.6,3.59,1.05,1.04,1.02,0.88,0.76,0.74,0.97,21.9,315,32.44,35.78,28.93,69.96,68.23,71.77,4.27,2.03,26.9
Serbia,SRB,135533999999.99998,6739471.0,-0.75,26127000000.0,3535000000.0,31286000000.0,442.0,0.0,31.6,10.5,520.0,77474.0,14.07,11.04,41.19,13.7,20,53.8,21.9,31.9,3.1,43.4,41.7,45,8.92,16.39,0,57.1,0.04,1.06,1.06,1.05,1.02,0.95,0.55,0.95,28.2,12,4.81,5.43,4.16,74.17,71.5,77,1.46,0.71,62.3
Seychelles,SYC,2855000000.0,97017.0,0.64,2085000000.0,53115000.0,2025000000.0,,491.0,88.5,5,3.0,455.0,18.85,12.39,49.03,11.46,8.27,45,33.6,11.4,8.7,36.8,36.3,37.4,12.37,6.88,0.86,58.8,0.99,1.03,1.06,1.13,1.17,0.99,0.47,1.08,nan,nan,10.6,13.35,7.76,76.1,71.67,80.66,1.82,0.89,nan
Sierra Leone,SLE,13597000000.0,8692606.0,2.49,963948000.0,504851000.0,1594000000.0,279.0,402.0,37.5,6.3,300.0,71740.0,41.38,18.83,32.21,3.89,3.7,74,68.5,5.5,18.3,19.1,18.5,19.7,32.2,9.32,2.03,44.3,3.02,1.03,1.02,0.97,0.97,1.25,0.83,0.98,19.6,"1,120",73.42,78.45,68.23,58.76,57.16,60.41,3.8,1.83,21.2
Singapore,SGP,578254000000.0,5921231.0,0.92,658127000000.0,71926000000.0,550209000000.0,,193.0,3.3,95.7,0.0,719.0,12.8,15.01,50.73,10.58,10.89,35.4,16.2,19.1,5.2,35.6,35.4,35.7,9.05,4.04,4.22,100,0.74,1.05,1.07,1.11,1,0.97,0.75,1,30.5,8,1.55,1.71,1.38,86.35,83.65,89.2,1.16,0.57,nan
Sint Maarten,NLD,1436000000.0,45126.0,1.23,1091000000.0,165039000.0,1237000000.0,,,nan,nan,,34.0,18.64,13.26,39.08,17.47,11.55,27.2,14.9,12.3,8.1,41.1,39.6,42.7,12.56,6.07,5.83,100,1.16,1.05,1.07,1.08,0.98,0.92,0.69,0.98,nan,nan,7.98,8.8,7.12,79.26,76.91,81.73,1.99,0.97,nan
Slovakia,SVK,173582000000.0,5431252.0,-0.1,96859000000.0,2875000000.0,96755000000.0,458.0,0.0,40.2,19.7,211.0,49035.0,15.13,10.06,44.61,13.15,17.05,49.5,23.7,25.8,3.9,41.8,40.1,43.6,8.94,10.13,0.2,54,0.17,1.07,1.06,1.04,1.03,0.92,0.53,0.94,27.2,5,4.82,5.48,4.12,78.31,74.83,82.04,1.46,0.71,nan
Slovenia,SVN,84400000000.0,2101208.0,-0.06,45516000000.0,2372000000.0,40809000000.0,492.0,,62.3,14.9,39.0,20273.0,14.84,9.01,40.73,14.19,21.23,55.5,23.6,31.9,3.1,44.9,43.4,46.6,8.3,10.4,1.54,56.1,0.54,1.04,1.05,1.08,1.12,0.99,0.61,1,29,7,1.52,1.63,1.41,81.82,78.96,84.79,1.6,0.78,nan
Solomon Islands,SLB,1703000000.0,702694.0,1.72,591293000.0,153998000.0,752909000.0,,5313.0,78.9,17.2,0.0,28896.0,32.99,19.82,37.64,5.04,4.51,74.8,68.8,6,16.5,23.5,23.2,23.7,22.71,3.96,-1.55,26,3.57,1.05,1.06,1.06,1.04,1.08,0.74,1.04,22.6,104,20.02,23.89,15.96,76.7,74.05,79.49,2.87,1.38,29.3
Somalia,SOM,19399000000.0,12386248.0,2.42,819000000.0,427000000.0,94430000000.0,410.0,3025.0,10.6,19.1,2000.0,637657.0,42.38,19.81,30.93,4.61,2.27,99.4,94.2,5.2,19.3,18.5,18.7,18.3,37.98,11.62,-2.18,47.9,4.2,1.03,1,1,1.08,1.08,0.56,1.01,nan,829,86.53,96.18,76.59,55.72,53.39,58.12,5.31,2.57,6.9
South Africa,ZAF,790625000000.0,57516665.0,0.93,105988000000.0,15569000000.0,103920000000.0,1034.0,2798.0,7.6,13,16700.0,1219090.0,27.94,16.8,42.37,6.8,6.09,52.2,43.9,8.4,10.9,28,27.9,28.1,18.56,9.26,0,68.8,1.72,1.02,1,0.98,1.02,0.87,0.58,0.98,nan,119,25.87,28.86,22.82,65.32,63.99,66.68,2.18,1.07,54.6
South Sudan,SSD,20010000000.0,11544905.0,4.91,3641000000.0,193950000.0,3893000000.0,,0.0,11.3,43.5,1000.0,644329.0,41.58,21.28,30.67,3.93,2.53,80.8,74.7,6.1,18.4,18.6,18.9,18.3,37.69,9.52,20.97,21.2,4.12,1.05,1.04,1.03,1.04,1.19,1.28,1.05,nan,"1,150",63.18,69.06,57,59.16,57.43,60.97,5.32,2.54,nan
Spain,ESP,1798000000000.0,47163418.0,0.13,486633000000.0,13445000000.0,445719000000.0,660.0,4964.0,36.8,9.1,37593.0,505370.0,15.02,9.9,43.61,12.99,18.49,52.4,21.9,30.2,3.3,43.9,42.7,45.1,7.13,10.22,4.35,81.6,0.24,1.05,1.05,1.04,1.01,0.95,0.66,0.95,31.2,4,2.47,2.73,2.19,82.55,79.84,85.4,1.27,0.63,62.1
Sri Lanka,LKA,296595000000.0,23187516.0,0.61,20264000000.0,2799000000.0,26841000000.0,228.0,1340.0,29.4,27.1,5700.0,65610.0,23.11,14.58,41.2,10.48,10.63,53.7,35.4,17,5.9,33.7,32.3,35.1,13.8,6.49,-1.22,19.2,1.22,1.04,1.04,1.04,0.97,0.86,0.61,0.95,25.6,36,8.2,9.18,7.18,78,74.57,81.56,1.98,0.96,64.6
Sudan,SDN,168980000000.0,47958856.0,2.55,5101000000.0,4780000000.0,9787000000.0,568.0,853.0,0,0,15666.0,1861484.0,42.01,20.94,29.89,4.13,3.03,76.9,74,6.2,16.2,18.3,18.1,18.5,33.47,6.3,-1.67,36.3,3.43,1.05,1.03,1.03,0.94,1.01,1.04,1.01,nan,295,42.27,47.76,36.5,67.12,64.89,69.46,4.6,2.21,12.2
Suriname,SUR,9052000000.0,632638.0,1.13,2287000000.0,176130000.0,2413000000.0,246.0,386.0,94.6,4.9,600.0,163820.0,23.38,17.2,44.09,8.78,6.55,50.9,40,11,9.1,31,30.6,31.4,15.38,6.59,2.54,66.4,0.88,1.07,1.03,1.05,1,0.9,0.55,0.98,nan,120,30.25,38.27,21.68,72.42,68.81,76.27,1.92,0.92,39.1
Svalbard,SJM,,2926.0,-0.03,,,NA,,3587.0,nan,100,,62045.0,nan,nan,nan,nan,nan,,,,nan,nan,nan,nan,nan,nan,-5.57,nan,nan,nan,nan,nan,nan,nan,nan,nan,nan,nan,nan,nan,nan,nan,nan,nan,nan,nan,nan
Sweden,SWE,558427000000.0,10483647.0,0.5,257293000000.0,34075000000.000004,233648000000.0,320.0,3218.0,68.7,23.8,519.0,450295.0,17.71,10.8,39.01,11.9,20.59,60.8,28.5,32.3,3.1,41.1,40.1,42.1,10.83,9.46,3.6,88.7,0.89,1.06,1.06,1.1,1.04,1.02,0.69,1.01,29.7,4,2.3,2.52,2.06,82.7,80.94,84.58,1.67,0.81,70.3
Switzerland,CHE,618228000000.0,8508698.0,0.65,478505000000.0,59159000000.0,413404000000.0,1350.0,0.0,31.5,29.8,327.0,41277.0,15.34,10.39,42.05,13.48,18.73,51.6,22.8,28.7,3.5,42.7,41.7,43.7,10.36,8.4,4.52,74.2,0.79,1.06,1.06,1.05,1,1.01,0.64,0.98,31.1,5,3.58,4.08,3.04,83.23,80.91,85.67,1.58,0.77,71.6
Syria,SYR,50280000000.0,21563800.0,5.91,1850000000.0,2077000000.0,6279000000.0,514.0,193.0,2.7,21.5,13100.0,187437.0,33.47,19.34,37.31,5.41,4.46,55.4,53,7.4,13.5,23.5,23,24,22.72,4.22,40.58,57.4,5.38,1.06,1.05,1.02,0.97,0.97,0.76,1,nan,31,15.87,17.5,14.14,74.28,72.82,75.84,2.8,1.33,nan
Taiwan,TWN,"1,143,277,000,000",23580712.0,0.04,388490000000.0,65173000000.0,308744000000.0,1150.0,,nan,77.3,3820.0,35980.0,12.42,11.62,45.51,14.73,15.72,40.2,17.8,22.4,4.5,42.3,41.5,43.1,7.39,7.89,0.85,80.1,0.65,1.06,1.06,1.06,1,0.95,0.73,0.97,nan,nan,3.97,4.29,3.63,81.16,78.17,84.34,1.08,0.53,75.2
Tajikistan,TJK,38058000000.0,9119347.0,1.4,1243000000.0,734735000.0,3409000000.0,3186.0,0.0,2.9,62.4,5690.0,144100.0,31.43,18.13,40.58,6.23,3.63,65.9,60.4,5.5,18.1,25.3,24.6,26,20.73,5.72,-1.03,28.2,2.73,1.05,1.04,1.03,0.98,0.84,0.48,0.99,23.2,17,32.33,37.03,27.39,69.36,66.2,72.69,2.45,1.18,29.3
Tanzania,TZA,159326000000.0,63852892.0,2.78,8307000000.0,2262000000.0,10399000000.0,1018.0,1424.0,37.3,19,1840.0,947300.0,42.7,20.39,30.31,3.52,3.08,87.7,81.9,5.9,20.4,18.2,17.9,18.4,33.3,5.09,-0.41,37.4,4.89,1.03,1.02,1.01,0.99,0.92,0.7,1,19.8,524,30.87,33.66,28,70.19,68.42,72.02,4.39,2.13,38.4
Thailand,THA,1223000000000.0,69648117.0,0.23,323878000000.0,10345000000.0,272831000000.00003,287.0,3219.0,37.2,21.6,64150.0,513120.0,16.45,13.02,45.69,13.01,11.82,43.5,22.7,18.4,4.8,39,37.8,40.1,10.14,7.76,-0.13,53.6,1.43,1.05,1.05,1.04,0.97,0.89,0.68,0.95,23.3,37,6.47,7.09,5.81,77.66,74.65,80.83,1.54,0.75,73
Timor-Leste,TLS,6648000000.0,1445006.0,2.15,117472000.0,308020000.0,1038999999.9999999,,706.0,49.1,25.8,350.0,14874.0,39.96,20.32,30.44,5.22,4.06,90.3,59.4,8.9,11.2,19.6,18.9,20.2,30.94,5.61,-3.82,32.5,3.31,1.07,1.06,1.03,0.93,0.9,0.79,1,23,142,33.69,36.96,30.2,69.92,68.25,71.7,4.21,1.98,26.1
Togo,TGO,18369000000.0,8492333.0,2.48,1703000000.0,184852000.0,2329000000.0,236.0,56.0,4.9,27.7,70.0,56785.0,39.73,19.03,33.26,4.42,3.57,76.5,71,5.5,18.3,20,19.7,20.3,31.86,5.27,-1.81,44.5,3.6,1.03,1.03,1,0.94,0.85,0.55,0.97,25,396,41.19,45.88,36.36,71.36,68.76,74.03,4.23,2.06,23.9
Tokelau,TKL,"7,711,583",1647.0,-0.01,"103,000",,"15,792,720",,101.0,0,40,0.0,12.0,nan,nan,nan,nan,nan,60.4,47,13.4,7.5,nan,nan,nan,nan,nan,-3.84,0,0,nan,nan,nan,nan,nan,nan,nan,nan,nan,nan,nan,nan,nan,nan,nan,(2021,nan,nan
Tonga,TON,651247000.0,105517.0,-0.26,112482000.0,4214000.0,327395000.0,,419.0,12.5,44.4,0.0,747.0,32,19.66,35.35,6.17,6.83,68.6,58.5,10.5,9.5,24.1,23.6,24.5,20.31,4.95,-18.01,23.2,0.99,1.03,1.03,1.05,0.99,1.06,0.7,1.01,24.9,52,12.41,13.43,11.37,77.53,75.89,79.23,2.76,1.33,29.3
Trinidad and Tobago,TTO,35147000000.0,1405646.0,0.14,9566000000.0,1356000000.0,7960000000.0,83.0,362.0,44,45.4,70.0,5128.0,19.01,11.28,43.77,13.83,12.11,43.7,29.3,16.8,7.4,37.8,37.3,38.3,10.79,8.38,-1.01,53.4,0.23,1.04,1.04,1.05,1.04,0.99,0.69,1.01,nan,67,15.83,17.97,13.61,75.94,74.02,77.93,1.63,0.8,nan
Tunisia,TUN,127509000000.0,11896972.0,0.69,19175000000.0,3391000000.0,23546000000.0,246.0,1148.0,6.6,28.6,3920.0,163610.0,25.28,12.9,42.85,10.12,8.86,50.9,36.3,13.3,7.5,32.7,32,33.3,14.62,6.36,-1.33,70.5,1.34,1.06,1.07,1.03,0.95,0.96,0.78,0.98,nan,43,11.87,13.32,10.32,76.82,75.14,78.6,2,0.95,50.7
Turkmenistan,TKM,92331000000.0,5636011.0,0.99,7458000000.0,7207000000.0,4571000000.0,230.0,0.0,8.8,19.2,19950.0,488100.0,25.44,16.48,44.14,8.56,5.38,56.6,48.9,7.7,13,29.2,28.7,29.7,17.51,5.95,-1.71,54,2.23,1.05,1.03,1.01,0.99,0.89,0.59,0.98,24.2,7,37.62,45.76,29.07,71.83,68.8,75,2.03,0.99,49.7
Turks and Caicos Islands,TCA,835171000.0,58286.0,1.86,603000000.0,172709000.0,484842000.0,,389.0,36.2,62.7,0.0,948.0,21.33,13.19,52.51,7.81,5.17,36.8,22.9,13.9,7.2,34.6,34.9,34.4,13.54,3.5,8.58,94.2,1.46,1.05,1.04,1.01,1,1.1,0.74,1.01,nan,nan,11.59,14.54,8.5,80.82,78.07,83.71,1.7,0.83,34.4
Tuvalu,TUV,55169000.0,11544.0,0.83,10266000.0,20820000.0,65239999.99999999,2.0,24.0,33.3,6.7,0.0,26.0,29.42,16.55,37.17,9.25,7.21,60.9,50.9,10,10,26.6,25.6,27.6,22.7,7.97,-6.41,66.2,2.08,1.05,1.05,1.07,1.02,0.73,0.53,0.98,nan,nan,28.92,32.55,25.09,68.38,65.96,70.92,2.83,1.37,23.7
Uganda,UGA,103007000000.0,46205893.0,3.27,6172000000.0,2508000000.0,9795000000.0,,0.0,14.5,14.3,105.0,241038.0,48.21,20.25,26.24,2.91,2.38,88.2,85.1,3.2,31.7,15.7,14.9,16.5,40.94,5.02,-3.26,26.8,5.41,1.03,1.03,0.95,0.86,0.86,0.71,0.95,19.4,375,30.45,33.88,26.91,68.96,66.71,71.27,5.36,2.59,50.2
Ukraine,UKR,535578999999.99994,43528136.0,-0.5,63556000000.0,3249000000.0,76067000000.0,175.0,2782.0,16.8,12,4350.0,603550.0,16.16,9.28,43.66,13.87,17.03,48.4,22.6,25.8,3.9,41.2,38.2,44.3,9,13.77,-0.26,70.1,-0.27,1.06,1.06,1.05,0.98,0.77,0.42,0.86,26.2,19,7.33,8.26,6.33,73.45,68.8,78.39,1.56,0.76,65.4
United Arab Emirates,ARE,653067000000.0,9915803.0,0.58,308500000000.0,26470000000.0,229200000000.0,149.0,1318.0,3.8,91.6,898.0,83600.0,14.45,7.94,68.03,7.68,1.9,20.3,18.2,2.1,47.3,38.4,40.4,31.5,10.81,1.56,-3.45,87.8,1.5,1.06,1.06,1.2,3.32,5.41,1.86,2.21,nan,3,5.14,5.71,4.53,79.56,78.21,80.99,1.64,0.79,nan
United Kingdom,GBR,3028000000000.0,67791400.0,0.53,893100000000.0,80779000000.0,939349000000.0,162.0,12429.0,11.9,17.1,718.0,243610.0,17.63,11.49,39.67,12.73,18.48,57.7,27.8,29.8,3.4,40.6,39.6,41.7,10.79,9.07,3.59,84.6,0.8,1.05,1.05,1.01,1.03,0.99,0.73,0.99,29,7,3.82,4.27,3.35,81.94,79.95,84.04,1.63,0.79,76.1
United States,USA,21132000000000.0,337341954.0,0.69,2546000000000.0,445955000000.0,3106000000000.0,760.0,19924.0,33.3,22.2,234782.0,9833517.0,18.46,12.91,38.92,12.86,16.85,53.7,28,25.6,3.9,38.5,37.2,39.8,12.28,8.38,3.02,83.3,0.96,1.05,1.04,1.04,1.01,0.94,0.69,0.97,27,19,5.17,5.55,4.77,80.59,78.36,82.79,1.84,0.9,73.9
Uruguay,URY,78121000000.0,3407213.0,0.27,17087000000.0,448402000.0,13336000000.0,109.0,660.0,10.2,2.6,2380.0,176215.0,19.51,15.14,39.86,10.79,14.71,53.6,29.9,23.7,4.2,35.5,33.8,37.3,12.71,9.18,-0.88,95.8,0.4,1.04,1.04,1.03,0.99,0.9,0.55,0.94,nan,17,8.31,9.46,7.12,78.43,75.32,81.64,1.76,0.86,79.6
Uzbekistan,UZB,270062000000.0,31104937.0,0.83,16992999999.999998,3366000000.0,26551000000.0,,0.0,7.7,29.7,37320.0,447400.0,23.19,16.63,45.68,8.63,5.87,54,46.3,7.2,13,30.1,29.4,30.7,15.53,5.41,-1.78,50.5,1.25,1.06,1.05,1.05,0.99,0.89,0.63,0.99,23.7,29,18.98,22.6,15.14,75.29,72.27,78.5,1.73,0.84,nan
Vanuatu,VUT,888165000.0,308043.0,1.63,372711000.0,1893000.0,488795000.0,,2528.0,36.1,48.6,0.0,12189.0,33.65,19.99,36.09,5.89,4.39,76.5,69.9,12.3,15.2,23,22.6,23.5,21.57,3.98,-1.3,26,2.55,1.05,1.04,0.98,0.95,0.96,0.91,0.99,nan,72,14.34,15.76,12.86,75.14,73.45,76.91,2.66,1.26,49
Venezuela,VEN,269067999999.99997,29789730.0,2.43,83401000000.0,3870000000.0,18432000000.0,450.0,2800.0,52.1,23.4,10550.0,912050.0,25.66,16.14,41.26,8.76,8.18,57.5,44.4,13.1,7.6,30,29.4,30.7,17.27,6.81,13.88,88.4,1.16,1.05,1.05,1.03,0.99,0.92,0.74,0.99,nan,125,17.72,19.72,15.61,73.29,70.12,76.62,2.22,1.07,75
Vietnam,VNM,1036000000000.0,103808319.0,0.97,280826000000.0,3812000000.0,261683000000.0,398.0,3444.0,45,20.2,46000.0,331210.0,22.61,15.22,45.7,9.55,6.91,45.6,32.8,12.7,7.8,31.9,30.8,33,15.69,5.77,-0.22,39.5,2.7,1.11,1.12,1.06,1.02,0.9,0.5,1.01,nan,43,14.75,15.09,14.38,75.52,72.95,78.37,2.05,0.97,72.8
Virgin Islands,VGB,3872000000.0,105413.0,-0.45,1810000000.0,,2489000000.0,,188.0,57.4,31.1,1.0,1910.0,19.71,10.16,36.07,14.24,19.82,64.6,32,34,3,41.8,40.6,42.8,11.63,8.78,-7.35,96.2,-0.11,1.06,1.05,0.94,0.87,0.93,0.68,0.91,nan,nan,7.65,8.65,6.59,80.27,77.08,83.65,2,0.96,nan
Wake Island,UMI,,,nan,,,,,,nan,100,0.0,7.0,nan,nan,nan,nan,nan,,,,nan,nan,nan,nan,nan,nan,nan,nan,nan,nan,nan,nan,nan,nan,nan,nan,nan,nan,nan,nan,nan,nan,nan,nan,nan,nan,nan
Wallis and Futuna,WLF,60000000.0,15891.0,0.25,"47,450",,61170000.0,,129.0,41.9,15.3,,142.0,20.58,14.72,43.55,9.99,11.73,57,36.6,20.4,4.9,34,33.1,35.1,12.27,5.79,-3.96,0,0,1.05,1.09,1.12,1.07,0.9,0.91,1.06,nan,nan,4,3.93,4.07,80.67,77.68,83.81,1.71,0.83,nan
Yemen,YEM,73630000000.0,30984689.0,1.88,384500000.0,1868000000.0,4078999999.9999995,999.0,1906.0,1,54.5,6800.0,527968.0,39.16,21.26,32.78,4,2.8,71.7,69.4,4.7,19.9,19.8,19.6,19.9,24.64,5.62,-0.19,39.8,3.71,1.05,1.04,1.03,1.04,0.84,0.69,1.02,20.8,164,46.54,51.9,40.92,67.51,65.19,69.94,3.01,1.42,33.5
Zambia,ZMB,63030000000.0,19642123.0,2.9,8257999999.999999,2531000000.0,8036000000.0,1138.0,0.0,66.3,2,1560.0,752618.0,45.74,20.03,28.96,3.01,2.27,81.8,78.7,3.2,31.6,16.9,16.7,17,34.86,6.12,0.24,46.3,4.15,1.03,1.02,1.01,1.01,0.9,0.73,1,19.2,213,37.11,40.57,33.55,66.26,64.52,68.06,4.56,2.25,49.6
Zimbabwe,ZWE,33829000000.0,15121004.0,1.95,5263000000.0,1096000000.0,5489000000.0,961.0,0.0,39.5,18,1740.0,390757.0,38.32,20.16,32.94,4.07,4.52,79.4,73.4,6,16.6,20.5,20.3,20.6,33.07,8.76,-4.83,32.5,2.41,1.03,0.98,0.96,1.06,0.62,0.57,0.97,20.3,458,28.53,32.17,24.77,63.32,61.18,65.52,3.89,1.91,66.8
